CREATE DATABASE  IF NOT EXISTS `sg_manager` /*!40100 DEFAULT CHARACTER SET latin1 */;
USE `sg_manager`;
-- MySQL dump 10.13  Distrib 5.7.17, for Win64 (x86_64)
--
-- Host: localhost    Database: sg_manager
-- ------------------------------------------------------
-- Server version	5.5.5-10.1.32-MariaDB

/*!40101 SET @OLD_CHARACTER_SET_CLIENT=@@CHARACTER_SET_CLIENT */;
/*!40101 SET @OLD_CHARACTER_SET_RESULTS=@@CHARACTER_SET_RESULTS */;
/*!40101 SET @OLD_COLLATION_CONNECTION=@@COLLATION_CONNECTION */;
/*!40101 SET NAMES utf8 */;
/*!40103 SET @OLD_TIME_ZONE=@@TIME_ZONE */;
/*!40103 SET TIME_ZONE='+00:00' */;
/*!40014 SET @OLD_UNIQUE_CHECKS=@@UNIQUE_CHECKS, UNIQUE_CHECKS=0 */;
/*!40014 SET @OLD_FOREIGN_KEY_CHECKS=@@FOREIGN_KEY_CHECKS, FOREIGN_KEY_CHECKS=0 */;
/*!40101 SET @OLD_SQL_MODE=@@SQL_MODE, SQL_MODE='NO_AUTO_VALUE_ON_ZERO' */;
/*!40111 SET @OLD_SQL_NOTES=@@SQL_NOTES, SQL_NOTES=0 */;

--
-- Table structure for table `tblarea_avaliacao`
--

DROP TABLE IF EXISTS `tblarea_avaliacao`;
/*!40101 SET @saved_cs_client     = @@character_set_client */;
/*!40101 SET character_set_client = utf8 */;
CREATE TABLE `tblarea_avaliacao` (
  `id_ava` varchar(10) NOT NULL,
  `nome_ava` varchar(70) NOT NULL,
  `fk_con` varchar(10) DEFAULT NULL,
  PRIMARY KEY (`id_ava`),
  KEY `fk_con` (`fk_con`),
  CONSTRAINT `tblarea_avaliacao_ibfk_1` FOREIGN KEY (`fk_con`) REFERENCES `tblarea_conhecimento` (`id_con`)
) ENGINE=InnoDB DEFAULT CHARSET=latin1;
/*!40101 SET character_set_client = @saved_cs_client */;

--
-- Dumping data for table `tblarea_avaliacao`
--

LOCK TABLES `tblarea_avaliacao` WRITE;
/*!40000 ALTER TABLE `tblarea_avaliacao` DISABLE KEYS */;
INSERT INTO `tblarea_avaliacao` VALUES ('10100008','MATEMÁTICA','10000003'),('10200002','PROBABILIDADE E ESTATÍSTICA','10000003'),('10300007','CIÊNCIA DA COMPUTAÇÃO','10000003'),('10400001','ASTRONOMIA','10000003'),('10500006','FÍSICA','10000003'),('10600000','QUÍMICA','10000003'),('10700005','GEOCIÊNCIAS','10000003'),('10800000','OCEANOGRAFIA','20000006'),('11111115','TESTE24','10000003'),('20100000','BIOLOGIA GERAL','20000006'),('20200005','GENÉTICA','20000006'),('20300000','BOTÂNICA','20000006'),('20400004','ZOOLOGIA','20000006'),('20500009','ECOLOGIA','20000006'),('20600003','MORFOLOGIA','20000006'),('20700008','FISIOLOGIA','20000006'),('20800002','BIOQUÍMICA','20000006'),('20900007','BIOFÍSICA','20000006'),('21000000','FARMACOLOGIA','20000006'),('21100004','IMUNOLOGIA','20000006'),('21200009','MICROBIOLOGIA','20000006'),('21300003','PARASITOLOGIA','20000006'),('30100003','ENGENHARIA CIVIL','30000009'),('30200008','ENGENHARIA DE MINAS','30000009'),('30300002','ENGENHARIA DE MATERIAIS E METALÚRGICA','30000009'),('30400007','ENGENHARIA ELÉTRICA','30000009'),('30500001','ENGENHARIA MECÂNICA','30000009'),('30600006','ENGENHARIA QUÍMICA','30000009'),('30700000','ENGENHARIA SANITÁRIA','30000009'),('30800005','ENGENHARIA DE PRODUÇÃO','30000009'),('30900000','ENGENHARIA NUCLEAR','30000009'),('31000002','ENGENHARIA DE TRANSPORTES','30000009'),('31100007','ENGENHARIA NAVAL E OCEÂNICA','30000009'),('31200001','ENGENHARIA AEROESPACIAL','30000009'),('31300006','ENGENHARIA BIOMÉDICA','30000009'),('40100006','MEDICINA','40000001'),('40200000','ODONTOLOGIA','40000001'),('40300005','FARMÁCIA','40000001'),('40400000','ENFERMAGEM','40000001'),('40500004','NUTRIÇÃO','40000001'),('40600009','SAÚDE COLETIVA','40000001'),('40700003','FONOAUDIOLOGIA','40000001'),('40800008','FISIOTERAPIA E TERAPIA OCUPACIONAL','40000001'),('40900002','EDUCAÇÃO FÍSICA','40000001'),('50100009','AGRONOMIA','50000004'),('50200003','RECURSOS FLORESTAIS E ENGENHARIA FLORESTAL','50000004'),('50300008','ENGENHARIA AGRÍCOLA','50000004'),('50400002','ZOOTECNIA','50000004'),('50500007','MEDICINA VETERINÁRIA','50000004'),('50600001','RECURSOS PESQUEIROS E ENGENHARIA DE PESCA','50000004'),('50700006','CIÊNCIA E TECNOLOGIA DE ALIMENTOS','50000004'),('60100001','DIREITO','60000007'),('60200006','ADMINISTRAÇÃO','60000007'),('60300000','ECONOMIA','60000007'),('60400005','ARQUITETURA E URBANISMO','60000007'),('60500000','PLANEJAMENTO URBANO E REGIONAL','60000007'),('60600004','DEMOGRAFIA','60000007'),('60700009','CIÊNCIA DA INFORMAÇÃO','60000007'),('60800003','MUSEOLOGIA','60000007'),('60900008','COMUNICAÇÃO','60000007'),('61000000','SERVIÇO SOCIAL','60000007'),('61200000','DESENHO INDUSTRIAL','60000007'),('61300004','TURISMO','60000007'),('70100004','FILOSOFIA','70000000'),('70200009','SOCIOLOGIA','70000000'),('70300003','ANTROPOLOGIA','70000000'),('70400008','ARQUEOLOGIA','70000000'),('70500002','HISTÓRIA','70000000'),('70600007','GEOGRAFIA','70000000'),('70700001','PSICOLOGIA','70000000'),('70800006','EDUCAÇÃO','70000000'),('70900000','CIÊNCIA POLÍTICA','70000000'),('71000003','TEOLOGIA','70000000'),('80100007','LINGUÍSTICA ','80000002'),('80200001','LETRAS','80000002'),('80300006','ARTES','80000002'),('90100000','INTERDISCIPLINAR','90000005'),('90200000','ENSINO','90000005'),('90300009','MATERIAIS','90000005'),('90400003','BIOTECNOLOGIA','90000005'),('90500008','CIÊNCIAS AMBIENTAIS','90000005');
/*!40000 ALTER TABLE `tblarea_avaliacao` ENABLE KEYS */;
UNLOCK TABLES;

--
-- Table structure for table `tblarea_conhecimento`
--

DROP TABLE IF EXISTS `tblarea_conhecimento`;
/*!40101 SET @saved_cs_client     = @@character_set_client */;
/*!40101 SET character_set_client = utf8 */;
CREATE TABLE `tblarea_conhecimento` (
  `id_con` varchar(10) NOT NULL,
  `nome_con` varchar(70) NOT NULL,
  PRIMARY KEY (`id_con`)
) ENGINE=InnoDB DEFAULT CHARSET=latin1;
/*!40101 SET character_set_client = @saved_cs_client */;

--
-- Dumping data for table `tblarea_conhecimento`
--

LOCK TABLES `tblarea_conhecimento` WRITE;
/*!40000 ALTER TABLE `tblarea_conhecimento` DISABLE KEYS */;
INSERT INTO `tblarea_conhecimento` VALUES ('10000003','CIÊNCIAS EXATAS E DA TERRA'),('11000006','TESTE2'),('20000006','CIÊNCIAS BIOLÓGICAS'),('30000009','ENGENHARIAS'),('40000001','CIÊNCIAS DA SAÚDE'),('50000004','CIÊNCIAS AGRÁRIAS'),('60000007','CIÊNCIAS SOCIAIS APLICADAS'),('70000000','CIÊNCIAS HUMANAS'),('80000002','LINGUÍSTICA, LETRAS E ARTES'),('90000005','MULTIDISCIPLINAR');
/*!40000 ALTER TABLE `tblarea_conhecimento` ENABLE KEYS */;
UNLOCK TABLES;

--
-- Table structure for table `tbldiscente`
--

DROP TABLE IF EXISTS `tbldiscente`;
/*!40101 SET @saved_cs_client     = @@character_set_client */;
/*!40101 SET character_set_client = utf8 */;
CREATE TABLE `tbldiscente` (
  `id_discente` int(11) NOT NULL AUTO_INCREMENT,
  `nome` varchar(100) NOT NULL,
  `curso` varchar(100) NOT NULL,
  `lattes` varchar(100) NOT NULL,
  PRIMARY KEY (`id_discente`)
) ENGINE=InnoDB AUTO_INCREMENT=2 DEFAULT CHARSET=latin1;
/*!40101 SET character_set_client = @saved_cs_client */;

--
-- Dumping data for table `tbldiscente`
--

--
-- Table structure for table `tbldocente`
--

DROP TABLE IF EXISTS `tbldocente`;
/*!40101 SET @saved_cs_client     = @@character_set_client */;
/*!40101 SET character_set_client = utf8 */;
CREATE TABLE `tbldocente` (
  `id_docente` int(11) NOT NULL AUTO_INCREMENT,
  `nome` varchar(80) NOT NULL,
  `formacao` varchar(80) NOT NULL,
  `curso` varchar(80) DEFAULT NULL,
  `data_conclusao` date DEFAULT NULL,
  `foto` varchar(80) NOT NULL,
  `lattes` varchar(100) NOT NULL,
  PRIMARY KEY (`id_docente`)
) ENGINE=InnoDB AUTO_INCREMENT=4 DEFAULT CHARSET=latin1;
/*!40101 SET character_set_client = @saved_cs_client */;

--
-- Dumping data for table `tbldocente`
--

--
-- Table structure for table `tbldocente_linha_pesquisa`
--

DROP TABLE IF EXISTS `tbldocente_linha_pesquisa`;
/*!40101 SET @saved_cs_client     = @@character_set_client */;
/*!40101 SET character_set_client = utf8 */;
CREATE TABLE `tbldocente_linha_pesquisa` (
  `fk_docente` int(11) NOT NULL,
  `fk_grupo` int(11) NOT NULL,
  `fk_linha` varchar(10) NOT NULL,
  `data_entrada` date NOT NULL,
  `data_saida` date DEFAULT NULL,
  PRIMARY KEY (`fk_docente`,`fk_grupo`,`fk_linha`,`data_entrada`),
  KEY `fk_grupo` (`fk_grupo`),
  KEY `fk_linha` (`fk_linha`),
  CONSTRAINT `tbldocente_linha_pesquisa_ibfk_1` FOREIGN KEY (`fk_docente`) REFERENCES `tbldocente` (`id_docente`),
  CONSTRAINT `tbldocente_linha_pesquisa_ibfk_2` FOREIGN KEY (`fk_grupo`) REFERENCES `tblgrupo` (`id_grupo`),
  CONSTRAINT `tbldocente_linha_pesquisa_ibfk_3` FOREIGN KEY (`fk_linha`) REFERENCES `tbllinha_pesquisa` (`id_linha`)
) ENGINE=InnoDB DEFAULT CHARSET=latin1;
/*!40101 SET character_set_client = @saved_cs_client */;

--
-- Dumping data for table `tbldocente_linha_pesquisa`
--

--
-- Table structure for table `tblequipamento`
--

DROP TABLE IF EXISTS `tblequipamento`;
/*!40101 SET @saved_cs_client     = @@character_set_client */;
/*!40101 SET character_set_client = utf8 */;
CREATE TABLE `tblequipamento` (
  `id_equipamento` int(11) NOT NULL AUTO_INCREMENT,
  `nome` varchar(100) NOT NULL,
  `descricao` text NOT NULL,
  PRIMARY KEY (`id_equipamento`)
) ENGINE=InnoDB AUTO_INCREMENT=3 DEFAULT CHARSET=latin1;
/*!40101 SET character_set_client = @saved_cs_client */;

--
-- Dumping data for table `tblequipamento`
--

--
-- Table structure for table `tblgrupo`
--

DROP TABLE IF EXISTS `tblgrupo`;
/*!40101 SET @saved_cs_client     = @@character_set_client */;
/*!40101 SET character_set_client = utf8 */;
CREATE TABLE `tblgrupo` (
  `id_grupo` int(11) NOT NULL AUTO_INCREMENT,
  `nome` varchar(60) NOT NULL,
  `sigla` varchar(10) NOT NULL,
  `email` varchar(50) DEFAULT NULL,
  `texto_descricao` text,
  `logotipo` varchar(100) DEFAULT NULL,
  `lattes` varchar(100) DEFAULT NULL,
  `data_inicio` date DEFAULT NULL,
  `fk_situacao` int(11) NOT NULL,
  PRIMARY KEY (`id_grupo`),
  KEY `fk_situacao` (`fk_situacao`),
  CONSTRAINT `tblgrupo_ibfk_1` FOREIGN KEY (`fk_situacao`) REFERENCES `tblsituacao` (`id_situacao`)
) ENGINE=InnoDB AUTO_INCREMENT=3 DEFAULT CHARSET=latin1;
/*!40101 SET character_set_client = @saved_cs_client */;

--
-- Dumping data for table `tblgrupo`
--

--
-- Table structure for table `tblgrupo_docente`
--

DROP TABLE IF EXISTS `tblgrupo_docente`;
/*!40101 SET @saved_cs_client     = @@character_set_client */;
/*!40101 SET character_set_client = utf8 */;
CREATE TABLE `tblgrupo_docente` (
  `fk_grupo` int(11) NOT NULL,
  `fk_docente` int(11) NOT NULL,
  `data_entrada` date NOT NULL,
  `data_saida` date DEFAULT NULL,
  PRIMARY KEY (`fk_grupo`,`fk_docente`,`data_entrada`),
  KEY `fk_docente` (`fk_docente`),
  CONSTRAINT `tblgrupo_docente_ibfk_1` FOREIGN KEY (`fk_grupo`) REFERENCES `tblgrupo` (`id_grupo`),
  CONSTRAINT `tblgrupo_docente_ibfk_2` FOREIGN KEY (`fk_docente`) REFERENCES `tbldocente` (`id_docente`)
) ENGINE=InnoDB DEFAULT CHARSET=latin1;
/*!40101 SET character_set_client = @saved_cs_client */;

--
-- Dumping data for table `tblgrupo_docente`
--

--
-- Table structure for table `tblgrupo_equipamento`
--

DROP TABLE IF EXISTS `tblgrupo_equipamento`;
/*!40101 SET @saved_cs_client     = @@character_set_client */;
/*!40101 SET character_set_client = utf8 */;
CREATE TABLE `tblgrupo_equipamento` (
  `fk_grupo` int(11) NOT NULL,
  `fk_equipamento` int(11) NOT NULL,
  `data_inicio` date NOT NULL,
  `data_fim` date DEFAULT NULL,
  PRIMARY KEY (`fk_grupo`,`fk_equipamento`,`data_inicio`),
  KEY `fk_equipamento` (`fk_equipamento`),
  CONSTRAINT `tblgrupo_equipamento_ibfk_1` FOREIGN KEY (`fk_grupo`) REFERENCES `tblgrupo` (`id_grupo`),
  CONSTRAINT `tblgrupo_equipamento_ibfk_2` FOREIGN KEY (`fk_equipamento`) REFERENCES `tblequipamento` (`id_equipamento`)
) ENGINE=InnoDB DEFAULT CHARSET=latin1;
/*!40101 SET character_set_client = @saved_cs_client */;

--
-- Dumping data for table `tblgrupo_equipamento`
--

--
-- Table structure for table `tblgrupo_lider`
--

DROP TABLE IF EXISTS `tblgrupo_lider`;
/*!40101 SET @saved_cs_client     = @@character_set_client */;
/*!40101 SET character_set_client = utf8 */;
CREATE TABLE `tblgrupo_lider` (
  `id` int(11) NOT NULL AUTO_INCREMENT,
  `fk_grupo` int(11) DEFAULT NULL,
  `fk_lider` varchar(15) DEFAULT NULL,
  `data_entrada` date NOT NULL,
  `data_saida` date DEFAULT NULL,
  PRIMARY KEY (`id`),
  KEY `fk_grupo` (`fk_grupo`),
  KEY `fk_lider` (`fk_lider`),
  CONSTRAINT `tblgrupo_lider_ibfk_1` FOREIGN KEY (`fk_grupo`) REFERENCES `tblgrupo` (`id_grupo`),
  CONSTRAINT `tblgrupo_lider_ibfk_2` FOREIGN KEY (`fk_lider`) REFERENCES `tblusuario` (`login`)
) ENGINE=InnoDB AUTO_INCREMENT=3 DEFAULT CHARSET=latin1;
/*!40101 SET character_set_client = @saved_cs_client */;

--
-- Dumping data for table `tblgrupo_lider`
--

--
-- Table structure for table `tblgrupo_linha_pesquisa`
--

DROP TABLE IF EXISTS `tblgrupo_linha_pesquisa`;
/*!40101 SET @saved_cs_client     = @@character_set_client */;
/*!40101 SET character_set_client = utf8 */;
CREATE TABLE `tblgrupo_linha_pesquisa` (
  `fk_grupo` int(11) NOT NULL,
  `fk_linha` varchar(10) NOT NULL,
  `data_inicio` date NOT NULL,
  `data_termino` date DEFAULT NULL,
  `descricao` text,
  PRIMARY KEY (`fk_grupo`,`fk_linha`,`data_inicio`),
  KEY `fk_linha` (`fk_linha`),
  CONSTRAINT `tblgrupo_linha_pesquisa_ibfk_1` FOREIGN KEY (`fk_grupo`) REFERENCES `tblgrupo` (`id_grupo`),
  CONSTRAINT `tblgrupo_linha_pesquisa_ibfk_2` FOREIGN KEY (`fk_linha`) REFERENCES `tbllinha_pesquisa` (`id_linha`)
) ENGINE=InnoDB DEFAULT CHARSET=latin1;
/*!40101 SET character_set_client = @saved_cs_client */;

--
-- Dumping data for table `tblgrupo_linha_pesquisa`
--

--
-- Table structure for table `tblgrupo_tecnico`
--

DROP TABLE IF EXISTS `tblgrupo_tecnico`;
/*!40101 SET @saved_cs_client     = @@character_set_client */;
/*!40101 SET character_set_client = utf8 */;
CREATE TABLE `tblgrupo_tecnico` (
  `fk_grupo` int(11) NOT NULL,
  `fk_tecnico` int(11) NOT NULL,
  `data_entrada` date NOT NULL,
  `data_saida` date DEFAULT NULL,
  PRIMARY KEY (`fk_grupo`,`fk_tecnico`,`data_entrada`),
  KEY `fk_tecnico` (`fk_tecnico`),
  CONSTRAINT `tblgrupo_tecnico_ibfk_1` FOREIGN KEY (`fk_grupo`) REFERENCES `tblgrupo` (`id_grupo`),
  CONSTRAINT `tblgrupo_tecnico_ibfk_2` FOREIGN KEY (`fk_tecnico`) REFERENCES `tbltecnico` (`id_tecnico`)
) ENGINE=InnoDB DEFAULT CHARSET=latin1;
/*!40101 SET character_set_client = @saved_cs_client */;

--
-- Dumping data for table `tblgrupo_tecnico`
--

--
-- Table structure for table `tbllinha_pesquisa`
--

DROP TABLE IF EXISTS `tbllinha_pesquisa`;
/*!40101 SET @saved_cs_client     = @@character_set_client */;
/*!40101 SET character_set_client = utf8 */;
CREATE TABLE `tbllinha_pesquisa` (
  `id_linha` varchar(10) NOT NULL,
  `nome_linha` varchar(100) NOT NULL,
  `fk_sub` varchar(100) DEFAULT NULL,
  PRIMARY KEY (`id_linha`),
  KEY `fk_sub` (`fk_sub`),
  CONSTRAINT `tbllinha_pesquisa_ibfk_1` FOREIGN KEY (`fk_sub`) REFERENCES `tblsub_area_avaliacao` (`id_sub`)
) ENGINE=InnoDB DEFAULT CHARSET=latin1;
/*!40101 SET character_set_client = @saved_cs_client */;

--
-- Dumping data for table `tbllinha_pesquisa`
--

LOCK TABLES `tbllinha_pesquisa` WRITE;
/*!40000 ALTER TABLE `tbllinha_pesquisa` DISABLE KEYS */;
INSERT INTO `tbllinha_pesquisa` VALUES ('10101004','ÁLGEBRA','10101004'),('10101012','CONJUNTOS','10101004'),('10101020','LÓGICA MATEMÁTICA','10101004'),('10101039','TEORIA DOS NÚMEROS','10101004'),('10101047','GRUPOS DE ÁLGEBRA NÃO-COMUTAVIVA','10101004'),('10101055','ÁLGEBRA COMUTATIVA','10101004'),('10101063','GEOMETRIA ALGÉBRICA','10101004'),('10102000','ANÁLISE','10102000'),('10102019','ANÁLISE COMPLEXA','10102000'),('10102027','ANÁLISE FUNCIONAL','10102000'),('10102035','ANÁLISE FUNCIONAL NÃO-LINEAR','10102000'),('10102043','EQUAÇÕES DIFERENCIAIS ORDINÁRIAS','10102000'),('10102051','EQUAÇÕES DIFERENCIAIS PARCIAIS','10102000'),('10102060','EQUAÇÕES DIFERENCIAIS FUNCIONAIS','10102000'),('10103007','GEOMETRIA E TOPOLOGIA','10103007'),('10103015','GEOMETRIA DIFERENCIAL','10103007'),('10103023','TOPOLOGIA ALGÉBRICA','10103007'),('10103031','TOPOLOGIA DAS VARIEDADES','10103007'),('10103040','SISTEMAS DINÂMICOS','10103007'),('10103058','TEORIA DAS SINGULARIDADES E TEORIA DAS CATÁSTROFES','10103007'),('10103066','TEORIA DAS FOLHEAÇÕES','10103007'),('10104003','MATEMÁTICA APLICADA','10104003'),('10104011','FÍSICA MATEMÁTICA','10104003'),('10104020','ANÁLISE NUMÉRICA','10104003'),('10104038','MATEMÁTICA DISCRETA E COMBINATÓRIA','10104003'),('10201009','PROBABILIDADE','10201009'),('10201017','TEORIA GERAL E FUNDAMENTOS DA PROBABILIDADE','10201009'),('10201025','TEORIA GERAL E PROCESSOS ESTOCÁSTICOS','10201009'),('10201033','TEOREMAS DE LIMITE','10201009'),('10201041','PROCESSOS MARKOVIANOS','10201009'),('10201050','ANÁLISE ESTOCÁSTICA','10201009'),('10201068','PROCESSOS ESTOCÁSTICOS ESPECIAIS','10201009'),('10202005','ESTATÍSTICA','10202005'),('10202013','FUNDAMENTOS DA ESTATÍSTICA','10202005'),('10202021','INFERÊNCIA PARAMÉTRICA','10202005'),('10202030','INFERÊNCIA NÃO-PARAMÉTRICA','10202005'),('10202048','INFERÊNCIA EM PROCESSOS ESTOCÁSTICOS','10202005'),('10202056','ANÁLISE MULTIVARIADA','10202005'),('10202064','REGRESSÃO E CORRELAÇÃO','10202005'),('10202072','PLANEJAMENTO DE EXPERIMENTOS','10202005'),('10202080','ANÁLISE DE DADOS','10202005'),('10203001','PROBABILIDADE E ESTATÍSTICA APLICADAS','10203001'),('10301003','TEORIA DA COMPUTAÇÃO','10301003'),('10301011','COMPUTABILIDADE E MODELOS DE COMPUTAÇÃO','10301003'),('10301020','LINGUAGEM FORMAIS E AUTÔMATOS','10301003'),('10301038','ANÁLISE DE ALGORITMOS E COMPLEXIDADE DE COMPUTAÇÃO','10301003'),('10301046','LÓGICAS E SEMÂNTICA DE PROGRAMAS','10301003'),('10302000','MATEMÁTICA DA COMPUTAÇÃO','10302000'),('10302018','MATEMÁTICA SIMBÓLICA','10302000'),('10302026','MODELOS ANALÍTICOS E DE SIMULAÇÃO','10302000'),('10303006','METODOLOGIA E TÉCNICAS DA COMPUTAÇÃO','10303006'),('10303014','LINGUAGENS DE PROGRAMAÇÃO','10303006'),('10303022','ENGENHARIA DE SOFTWARE','10303006'),('10303030','BANCO DE DADOS','10303006'),('10303049','SISTEMAS DE INFORMAÇÃO','10303006'),('10303057','PROCESSAMENTO GRÁFICO (GRAPHICS)','10303006'),('10304002','SISTEMAS DE COMPUTAÇÃO','10304002'),('10304010','HARDWARE','10304002'),('10304029','ARQUITETURA DE SISTEMAS DE COMPUTAÇÃO','10304002'),('10304037','SOFTWARE BÁSICO','10304002'),('10304045','TELEINFORMÁTICA','10304002'),('10401008','ASTRONOMIA DE POSIÇÃO E MECÂNICA CELESTE','10401008'),('10401016','ASTRONOMIA FUNDAMENTAL','10401008'),('10401024','ASTRONOMIA DINÂMICA','10401008'),('10402004','ASTROFÍSICA ESTELAR','10402004'),('10403000','ASTROFÍSICA DO MEIO INTERESTELAR','10403000'),('10403019','MEIO INTERESTELAR','10403000'),('10403027','NEBULOSA','10403000'),('10404007','ASTROFÍSICA EXTRAGALACTICA','10404007'),('10404015','GALÁXIAS','10404007'),('10404023','AGLOMERADOS DE GALÁXIAS','10404007'),('10404031','QUASARES','10404007'),('10404040','COSMOLOGIA','10404007'),('10405003','ASTROFÍSICA DO SISTEMA SOLAR','10405003'),('10405011','FÍSICA SOLAR','10405003'),('10405020','MOVIMENTO DA TERRA','10405003'),('10405038','SISTEMA PLANETÁRIO','10405003'),('10406000','INSTRUMENTAÇÃO ASTRONÔMICA','10406000'),('10406018','ASTRONOMIA ÓTICA','10406000'),('10406026','RADIOASTRONOMIA','10406000'),('10406034','ASTRONOMIA ESPACIAL','10406000'),('10406042','PROCESSAMENTO DE DADOS ASTRONÔMICOS','10406000'),('10501002','FÍSICA GERAL','10501002'),('10501010','MÉTODOS MATEMÁTICOS DA FÍSICA','10501002'),('10501029','FÍSICA CLÁSSICA E FÍSICA QUÂNTICA; MECÂNICA E CAMPOS','10501002'),('10501037','RELATIVIDADE E GRAVITAÇÃO','10501002'),('10501045','FÍSICA ESTATÍSTICA E TERMODINÂMICA','10501002'),('10501053','METROLOGIA, TÉCNICAS GERAIS DE LABORATÓRIO, SISTEMA DE INSTRUMENTAÇÃO','10501002'),('10501061','INSTRUMENTAÇÃO ESPECÍFICA DE USO GERAL EM FÍSICA','10501002'),('10502009','ÁREAS CLÁSSICAS DE FENOMENOLOGIA E SUAS APLICAÇÕES','10502009'),('10502017','ELETRICIDADE E MAGNETISMO; CAMPOS E PARTÍCULAS CARREGADAS','10502009'),('10502025','ÓTICA','10502009'),('10502033','ACÚSTICA','10502009'),('10502041','TRANSFERÊNCIA DE CALOR; PROCESSOS TÉRMICOS E TERMODINÂMICOS','10502009'),('10502050','MECÂNICA, ELASTICIDADE E REOLOGIA','10502009'),('10502068','DINÂMICA DOS FLUÍDOS','10502009'),('10503005','FÍSICA DAS PARTÍCULAS ELEMENTARES E CAMPOS','10503005'),('10503013','TEORIA GERAL DE PARTÍCULAS E CAMPOS','10503005'),('10503021','TEORIAS ESPECÍFICAS E MODELOS DE INTERAÇÃO; SISTEMÁTICA DE PARTÍCULAS; RAIOS CÓSMICOS','10503005'),('10503030','REAÇÕES ESPECÍFICAS E FENOMIOLOGIA DE PARTÍCULAS','10503005'),('10503048','PROPRIEDADES DE PARTÍCULAS ESPECÍFICAS E RESSONÂNCIAS','10503005'),('10504001','FÍSICA NUCLEAR','10504001'),('10504010','ESTRUTURA NUCLEAR','10504001'),('10504028','DESINTEGRAÇÃO NUCLEAR E RADIOATIVIDADE','10504001'),('10504036','REAÇÕES NUCLEARES E ESPALHAMENTO GERAL','10504001'),('10504044','REAÇÕES NUCLEARES E ESPALHAMENTO (REAÇÕES ESPECÍFICAS)','10504001'),('10504052','PROPRIEDADES DE NÚCLEOS ESPECÍFICOS','10504001'),('10504060','MÉTODOS EXPERIMENTAIS E INSTRUMENTAÇÃO PARA PARTÍCULAS ELEMENTARES E FÍSICA NUCLEAR','10504001'),('10505008','FÍSICA ATÔMICA E MOLECULAR','10505008'),('10505016','ESTRUTURA ELETRÔNICA DE ÁTOMOS E MOLÉCULAS; TEORIA','10505008'),('10505024','ESPECTROS ATÔMICOS E INTEGRAÇÃO DE FÓTONS','10505008'),('10505032','ESPECTROS MOLECULARES E INTERAÇÕES DE FÓTONS COM MOLÉCULAS','10505008'),('10505040','PROCESSOS DE COLISÃO E INTERAÇÕES DE ÁTOMOS E MOLÉCULAS','10505008'),('10505059','INF. SOBRE ÁTOMOS E MOLÉCULAS OBTIDOS EXPERIMENTALMENTE; INSTRUMENTAÇÃO E TÉCNICAS','10505008'),('10505067','ESTUDOS DE ÁTOMOS E MOLÉCULAS ESPECIAIS','10505008'),('10506004','FÍSICA DOS FLUÍDOS, FÍSICA DE PLASMAS E DESCARGAS ELÉTRICAS','10506004'),('10506012','CINÉTICA E TEORIA DE TRANSPORTE DE FLUÍDOS; PROPRIEDADES FÍSICAS DE GASES','10506004'),('10506020','FÍSICA DE PLASMAS E DESCARGAS ELÉTRICAS','10506004'),('10507000','FÍSICA DA MATÉRIA CONDENSADA','10507000'),('10507019','ESTRUTURA DE LÍQUIDOS E SÓLIDOS; CRISTALOGRAFIA','10507000'),('10507027','PROPRIEDADES MECÂNICAS E ACÚSTICAS DA MATÉRIA CONDENSADA','10507000'),('10507035','DINÂMICA DA REDE E ESTATÍSTICA DE CRISTAIS','10507000'),('10507043','EQUAÇÃO DE ESTADO, EQUILÍBRIO DE FASES E TRANSIÇÕES DE FASE','10507000'),('10507051','PROPRIEDADES TÉRMICAS DA MATÉRIA CONDENSADA','10507000'),('10507060','PROPRIEDADES DE TRANSPORTES DE MATÉRIA CONDENSADA (NÃO ELETRÔNICA)','10507000'),('10507078','CAMPOS QUÂNTICOS E SÓLIDOS, HÉLIO, LÍQUIDO, SÓLIDO','10507000'),('10507086','SUPERFÍCIES E INTERFACES; PELÍCULAS E FILAMENTOS','10507000'),('10507094','ESTADOS ELETRÔNICOS','10507000'),('10507108','TRANSP. ELETRÔNICOS E PROP. ELÉTRICAS DE SUPERFÍCIES; INTERFACES E PELÍCULAS','10507000'),('10507116','ESTRUTURAS ELETRÔNICAS E PROPRIEDADES ELÉTRICAS DE SUPERFÍCIES; INTERF. E PARTÍCULAS','10507000'),('10507124','SUPERCONDUTIVIDADE','10507000'),('10507132','MATERIAIS MAGNÉTICOS E PROPRIEDADES MAGNÉTICAS','10507000'),('10507140','RESSONÂNCIA MAG. E RELAX. NA MAT. CONDENS; EFEITOS MOSBAUER; CORR. ANG. PERTUBADA','10507000'),('10507159','MATERIAIS DIELÉTRICOS E PROPRIEDADES DIELÉTRICAS','10507000'),('10507167','PROP. ÓTICAS E ESPECTROSC. DA MAT. CONDENS; OUTRAS INTER. DA MAT. COM RAD. E PART.','10507000'),('10507175','EMISSÃO ELETRÔNICA E IÔNICA POR LÍQUIDOS E SÓLIDOS; FENÔMENOS DE IMPACTO','10507000'),('10601007','QUÍMICA ORGÂNICA','10601007'),('10601015','ESTRUTURA, CONFORMAÇÃO E ESTEREOQUÍMICA','10601007'),('10601023','SÍNTESE ORGÂNICA','10601007'),('10601031','FÍSICO-QUÍMICA ORGÂNICA','10601007'),('10601040','FOTOQUÍMICA ORGÂNICA','10601007'),('10601058','QUÍMICA DOS PRODUTOS NATURAIS','10601007'),('10601066','EVOLUÇÃO, SISTEMÁTICA E ECOLOGIA QUÍMICA','10601007'),('10601074','POLÍMEROS E COLÓIDES','10601007'),('10602003','QUÍMICA INORGÂNICA','10602003'),('10602011','CAMPOS DE COORDENAÇÃO','10602003'),('10602020','NÃO-METAIS E SEUS COMPOSTOS','10602003'),('10602038','COMPOSTOS ORGANO-METÁLICOS','10602003'),('10602046','DETERMINAÇÃO DE ESTRUTURA DE COMPOSTOS INORGÂNICOS','10602003'),('10602054','FOTO-QUÍMICA INORGÂNICA','10602003'),('10602062','FÍSICO QUÍMICA INORGÂNICA','10602003'),('10602070','QUÍMICA BIO-INORGÂNICA','10602003'),('10603000','FÍSICO-QUÍMICA','10603000'),('10603018','CINÉTICA QUÍMICA E CATÁLISE','10603000'),('10603026','ELETROQUÍMICA','10603000'),('10603034','ESPECTROSCOPIA','10603000'),('10603042','QUÍMICA DE INTERFACES','10603000'),('10603050','QUÍMICA DO ESTADO CONDENSADO','10603000'),('10603069','QUÍMICA NUCLEAR E RADIOQUÍMICA','10603000'),('10603077','QUÍMICA TEÓRICA','10603000'),('10603085','TERMODINÂMICA QUÍMICA','10603000'),('10604006','QUÍMICA ANALÍTICA','10604006'),('10604014','SEPARAÇÃO','10604006'),('10604022','MÉTODOS ÓTICOS DE ANÁLISE','10604006'),('10604030','ELETROANALÍTICA','10604006'),('10604049','GRAVIMETRIA','10604006'),('10604057','TITIMETRIA','10604006'),('10604065','INSTRUMENTAÇÃO ANALÍTICA','10604006'),('10604073','ANÁLISE DE TRAÇOS E QUÍMICA AMBIENTAL','10604006'),('10701001','GEOLOGIA','10701001'),('10701010','MINERALOGIA','10701001'),('10701028','PETROLOGIA','10701001'),('10701036','GEOQUÍMICA','10701001'),('10701044','GEOLOGIA REGIONAL','10701001'),('10701052','GEOTECTÔNICA','10701001'),('10701060','GEOCRONOLOGIA','10701001'),('10701079','CARTOGRAFIA GEOLÓGICA','10701001'),('10701087','METALOGENIA','10701001'),('10701095','HIDROGEOLOGIA','10701001'),('10701109','PROSPECÇÃO MINERAL','10701001'),('10701117','SEDIMENTOLOGIA','10701001'),('10701125','PALEONTOLOGIA ESTRATIGRÁFICA','10701001'),('10701133','ESTRATIGRAFIA','10701001'),('10701141','GEOLOGIA AMBIENTAL','10701001'),('10702008','GEOFÍSICA','10702008'),('10702016','GEOMAGNETISMO','10702008'),('10702024','SISMOLOGIA','10702008'),('10702032','GEOTERMIA E FLUXO TÉRMICO','10702008'),('10702040','PROPRIEDADES FÍSICAS DAS ROCHAS','10702008'),('10702059','GEOFÍSICA NUCLEAR','10702008'),('10702067','SENSORIAMENTO REMOTO','10702008'),('10702075','AERONOMIA','10702008'),('10702083','DESENVOLVIMENTO DE INSTRUMENTAÇÃO GEOFÍSICA','10702008'),('10702091','GEOFÍSICA APLICADA','10702008'),('10702105','GRAVIMETRIA','10702008'),('10703004','METEOROLOGIA','10703004'),('10703012','METEOROLOGIA DINÂMICA','10703004'),('10703020','METEOROLOGIA SINÓTICA','10703004'),('10703039','METEOROLOGIA FÍSICA','10703004'),('10703047','QUÍMICA DA ATMOSFERA','10703004'),('10703055','INSTRUMENTAÇÃO METEOROLÓGICA','10703004'),('10703063','CLIMATOLOGIA','10703004'),('10703071','MICROMETEOROLOGIA','10703004'),('10703080','SENSORIAMENTO REMOTO DA ATMOSFERA','10703004'),('10703098','METEOROLOGIA APLICADA','10703004'),('10704000','GEODÉSIA','10704000'),('10704019','GEODÉSIA FÍSICA','10704000'),('10704027','GEODÉSIA GEOMÉTRICA','10704000'),('10704035','GEODÉSIA CELESTE','10704000'),('10704043','FOTOGRAMETRIA','10704000'),('10704051','CARTOGRAFIA BÁSICA','10704000'),('10705007','GEOGRAFIA FÍSICA','10705007'),('10705015','GEOMORFOLOGIA','10705007'),('10705023','CLIMATOLOGIA GEOGRÁFICA','10705007'),('10705031','PEDOLOGIA','10705007'),('10705040','HIDROGEOGRAFIA','10705007'),('10705058','GEOECOLOGIA','10705007'),('10705066','FOTOGEOGRAFIA (FÍSICO-ECOLÓGICA)','10705007'),('10705074','GEOCARTOGRAFIA','10705007'),('10801006','OCEANOGRAFIA BIOLÓGICA','10801006'),('10801014','INTERAÇÃO ENTRE OS ORGANISMOS MARINHOS E OS PARÂMETROS AMBIENTAIS','10801006'),('10802002','OCEANOGRAFIA FÍSICA','10802002'),('10802010','VARIÁVEIS FÍSICAS DA ÁGUA DO MAR','10802002'),('10802029','MOVIMENTO DA ÁGUA DO MAR','10802002'),('10802037','ORIGEM DAS MASSAS DE ÁGUA','10802002'),('10802045','INTERAÇÃO DO OCEANO COM O LEITO DO MAR','10802002'),('10802053','INTERAÇÃO DO OCEANO COM A ATMOSFERA','10802002'),('10803009','OCEANOGRAFIA QUÍMICA','10803009'),('10803017','PROPRIEDADES QUÍMICAS DA ÁGUA DO MAR','10803009'),('10803025','INTERAÇÕES QUÍMICO-BIOLÓGICAS/GEOLÓGICAS DAS SUBSTÂNCIAS QUÍMICAS DA ÁGUA DO MAR','10803009'),('10804005','OCEANOGRAFIA GEOLÓGICA','10804005'),('10804013','GEOMORFOLOGIA SUBMARINA','10804005'),('10804021','SEDIMENTOLOGIA MARINHA','10804005'),('10804030','GEOFÍSICA MARINHA','10804005'),('10804048','GEOQUÍMICA MARINHA','10804005'),('20201001','GENÉTICA QUANTITATIVA','20201001'),('20202008','GENÉTICA MOLECULAR E DE MICROORGANISMOS','20202008'),('20203004','GENÉTICA VEGETAL','20203004'),('20204000','GENÉTICA ANIMAL','20204000'),('20205007','GENÉTICA HUMANA E MÉDICA','20205007'),('20206003','MUTAGENESE','20206003'),('20301006','PALEOBOTÂNICA','20301006'),('20302002','MORFOLOGIA VEGETAL','20302002'),('20302010','MORFOLOGIA EXTERNA','20302002'),('20302029','CITOLOGIA VEGETAL','20302002'),('20302037','ANATOMIA VEGETAL','20302002'),('20302045','PALINOLOGIA','20302002'),('20303009','FISIOLOGIA VEGETAL','20303009'),('20303017','NUTRIÇÃO E CRESCIMENTO VEGETAL','20303009'),('20303025','REPRODUÇÃO VEGETAL','20303009'),('20303033','ECOFISIOLOGIA VEGETAL','20303009'),('20304005','TAXONOMIA VEGETAL','20304005'),('20304013','TAXONOMIA DE CRIPTÓGAMOS','20304005'),('20304021','TAXONOMIA DE FANERÓGAMOS','20304005'),('20305001','FITOGEOGRAFIA','20305001'),('20306008','BOTÂNICA APLICADA','20306008'),('20401000','PALEOZOOLOGIA','20401000'),('20402007','MORFOLOGIA DOS GRUPOS RECENTES','20402007'),('20403003','FISIOLOGIA DOS GRUPOS RECENTES','20403003'),('20404000','COMPORTAMENTO ANIMAL','20404000'),('20405006','TAXONOMIA DOS GRUPOS RECENTES','20405006'),('20406002','ZOOLOGIA APLICADA','20406002'),('20406010','CONSERVAÇÃO DAS ESPÉCIES ANIMAIS','20406002'),('20406029','UTILIZAÇÃO DOS ANIMAIS','20406002'),('20406037','CONTROLE POPULACIONAL DE ANIMAIS','20406002'),('20501005','ECOLOGIA TEÓRICA','20501005'),('20502001','ECOLOGIA DE ECOSSISTEMAS','20502001'),('20503008','ECOLOGIA APLICADA','20503008'),('20601000','CITOLOGIA E BIOLOGIA CELULAR','20601000'),('20602006','EMBRIOLOGIA','20602006'),('20603002','HISTOLOGIA','20603002'),('20604009','ANATOMIA','20604009'),('20604017','ANATOMIA HUMANA','20604009'),('20604025','ANATOMIA ANIMAL','20604009'),('20701004','FISIOLOGIA GERAL','20701004'),('20702000','FISIOLOGIA DE ÓRGÃOS E SISTEMAS','20702000'),('20702019','NEUROFISIOLOGIA','20702000'),('20702027','FISIOLOGIA CARDIOVASCULAR','20702000'),('20702035','FISIOLOGIA DA RESPIRAÇÃO','20702000'),('20702043','FISIOLOGIA RENAL','20702000'),('20702051','FISIOLOGIA ENDÓCRINA','20702000'),('20702060','FISIOLOGIA DA DIGESTÃO','20702000'),('20702078','CINESIOLOGIA','20702000'),('20703007','FISIOLOGIA DO ESFORÇO','20703007'),('20704003','FISIOLOGIA COMPARADA','20704003'),('20801009','QUÍMICA DE MACROMOLÉCULAS','20801009'),('20801017','PROTEÍNAS','20801009'),('20801025','LIPÍDEOS','20801009'),('20801033','GLICÍDEOS','20801009'),('20802005','BIOQUÍMICA DOS MICROORGANISMOS','20802005'),('20803001','METABOLISMO E BIOENERGÉTICA','20803001'),('20804008','BIOLOGIA MOLECULAR','20804008'),('20805004','ENZIMOLOGIA','20805004'),('20901003','BIOFÍSICA MOLECULAR','20901003'),('20902000','BIOFÍSICA CELULAR','20902000'),('20903006','BIOFÍSICA DE PROCESSOS E SISTEMAS','20903006'),('20904002','RADIOLOGIA E FOTOBIOLOGIA','20904002'),('21001006','FARMACOLOGIA GERAL','21001006'),('21001014','FARMACOCINÉTICA','21001006'),('21001022','BIODISPONIBILIDADE','21001006'),('21002002','FARMACOLOGIA AUTONÔMICA','21002002'),('21003009','NEUROPSICOFARMACOLOGIA','21003009'),('21004005','FARMACOLOGIA CARDIORENAL','21004005'),('21005001','FARMACOLOGIA BIOQUÍMICA E MOLECULAR','21005001'),('21006008','ETNOFARMACOLOGIA','21006008'),('21007004','TOXICOLOGIA','21007004'),('21008000','FARMACOLOGIA CLÍNICA','21008000'),('21101000','IMUNOQUÍMICA','21101000'),('21102007','IMUNOLOGIA CELULAR','21102007'),('21103003','IMUNOGENÉTICA','21103003'),('21104000','IMUNOLOGIA APLICADA','21104000'),('21201005','BIOLOGIA E FISIOLOGIA DOS MICROORGANISMOS','21201005'),('21201013','VIROLOGIA','21201005'),('21201021','BACTERIOLOGIA','21201005'),('21201030','MICOLOGIA','21201005'),('21202001','MICROBIOLOGIA APLICADA','21202001'),('21202010','MICROBIOLOGIA MÉDICA','21202001'),('21202028','MICROBIOLOGIA INDUSTRIAL E DE FERMENTAÇÃO','21202001'),('21301000','PROTOZOOLOGIA DE PARASITOS','21301000'),('21301018','PROTOZOOLOGIA PARASITÁRIA HUMANA','21301000'),('21301026','PROTOZOOLOGIA PARASITÁRIA ANIMAL','21301000'),('21302006','HELMINTOLOGIA DE PARASITOS','21302006'),('21302014','HELMINTOLOGIA HUMANA','21302006'),('21302022','HELMINTOLOGIA ANIMAL','21302006'),('21303002','ENTOMOLOGIA E MALACOLOGIA DE PARASITOS E VETORES','21303002'),('21401004','BIOTECNOLOGIA EM SAÚDE HUMANA E ANIMAL','21401004'),('21401012','NOVAS DROGAS TERAPÊUTICAS','21401004'),('21401020','VACINAS E KITS PARA DIAGNÓSTICOS','21401004'),('21401039','TÉCNICAS DE REPRODUÇÃO','21401004'),('21401047','ENGENHARIA DE TECIDOS','21401004'),('21401055','CIÊNCIAS DE ANIMAIS DE LABORATÓRIOS','21401004'),('21401063','METODOLOGIAS ALTERNATIVAS AO USO DE ANIMAIS','21401004'),('21402000','BIOTECNOLOGIA INDUSTRIAL','21402000'),('21402019','BIOPROCESSOS','21402000'),('21402027','BIOCOMBUSTÍVEIS','21402000'),('21403007','BIOTECNOLOGIA VEGETAL','21403007'),('21403015','MELHORAMENTO DE PLANTAS','21403007'),('21403023','TECNOLOGIA DE PROCESSOS E PRODUTOS','21403007'),('21403031','PLANTAS TRANSGÊNICAS','21403007'),('21403040','CONSERVAÇÃO E MULTIPLICAÇÃO DE GERMOPLASMA','21403007'),('21404003','BIOTECNOLOGIA AMBIENTAL E RECURSOS NATURAIS','21404003'),('21404011','BIOPROSPECÇÃO','21404003'),('21404020','BIODIVERSIDADE','21404003'),('21404038','TRATAMENTO BIOLÓGICO DE RESIDUOS','21404003'),('30101000','CONSTRUÇÃO CIVIL','30101000'),('30101018','MATERIAIS E COMPONENTES DE CONSTRUÇÃO','30101000'),('30101026','PROCESSOS CONSTRUTIVOS','30101000'),('30101034','INSTALAÇÕES PREDIAIS','30101000'),('30102006','ESTRUTURAS','30102006'),('30102014','ESTRUTURAS DE CONCRETO','30102006'),('30102022','ESTRUTURAS DE MADEIRAS','30102006'),('30102030','ESTRUTURAS METÁLICAS','30102006'),('30102049','MECÂNICA DAS ESTRUTURAS','30102006'),('30103002','GEOTÉCNICA','30103002'),('30103010','FUNDAÇÕES E ESCAVAÇÕES','30103002'),('30103029','MECÂNICAS DAS ROCHAS','30103002'),('30103037','MECÂNICAS DOS SOLOS','30103002'),('30103045','OBRAS DE TERRA E ENROCAMENTO','30103002'),('30103053','PAVIMENTOS','30103002'),('30104009','ENGENHARIA HIDRÁULICA','30104009'),('30104017','HIDRÁULICA','30104009'),('30104025','HIDROLOGIA','30104009'),('30105005','INFRA-ESTRUTURA DE TRANSPORTES','30105005'),('30105013','AEROPORTOS; PROJETO E CONSTRUÇÃO','30105005'),('30105021','FERROVIAS; PROJETOS E CONSTRUÇÃO','30105005'),('30105030','PORTOS E VIAS NAVEGÁVEIS; PROJETO E CONSTRUÇÃO','30105005'),('30105048','RODOVIAS; PROJETO E CONSTRUÇÃO','30105005'),('30201004','PESQUISA MINERAL','30201004'),('30201012','CARACTERIZAÇÃO DO MINÉRIO','30201004'),('30201020','DIMENSIONAMENTO DE JAZIDAS','30201004'),('30202000','LAVRA','30202000'),('30202019','LAVRA A CÉU ABERTO','30202000'),('30202027','LAVRA DE MINA SUBTERRÂNEA','30202000'),('30202035','EQUIPAMENTOS DE LAVRA','30202000'),('30203007','TRATAMENTO DE MINÉRIOS','30203007'),('30203015','MÉTODOS DE CONCENTRAÇÃO E ENRIQUECIMENTO DE MINÉRIOS','30203007'),('30203023','EQUIPAMENTOS DE BENEFICIAMENTO DE MINÉRIOS','30203007'),('30301009','INSTALAÇÕES E EQUIPAMENTOS METALÚRGICOS','30301009'),('30301017','INSTALAÇÕES METALÚRGICAS','30301009'),('30301025','EQUIPAMENTOS METALÚRGICOS','30301009'),('30302005','METALURGIA EXTRATIVA','30302005'),('30302013','AGLOMERAÇÃO','30302005'),('30302021','ELETROMETALURGIA','30302005'),('30302030','HIDROMETALURGIA','30302005'),('30302048','PIROMETALURGIA','30302005'),('30302056','TRATAMENTO DE MINÉRIOS','30302005'),('30303001','METALURGIA DE TRANSFORMAÇÃO','30303001'),('30303010','CONFORMAÇÃO MECÂNICA','30303001'),('30303028','FUNDIÇÃO','30303001'),('30303036','METALURGIA DE PÓ','30303001'),('30303044','RECOBRIMENTOS','30303001'),('30303052','SOLDAGEM','30303001'),('30303060','TRATAMENTOS TÉRMICOS, MECÂNICOS E QUÍMICOS','30303001'),('30303079','USINAGEM','30303001'),('30304008','METALURGIA FÍSICA','30304008'),('30304016','ESTRUTURA DOS METAIS E LIGAS','30304008'),('30304024','PROPRIEDADES FÍSICAS DOS METAIS E LIGAS','30304008'),('30304032','PROPRIEDADES MECÂNICAS DOS METAIS E LIGAS','30304008'),('30304040','TRANSFORMAÇÃO DE FASES','30304008'),('30304059','CORROSÃO','30304008'),('30305004','MATERIAIS NÃO-METÁLICOS','30305004'),('30305012','EXTRAÇÃO E TRANSFORMAÇÃO DE MATERIAIS','30305004'),('30305020','CERÂMICOS','30305004'),('30305039','MATERIAIS CONJUGADOS NÃO-METÁLICOS','30305004'),('30305047','POLÍMEROS, APLICAÇÕES','30305004'),('30401003','MATERIAIS ELÉTRICOS','30401003'),('30401011','MATERIAIS CONDUTORES','30401003'),('30401020','MATERIAIS E COMPONENTES SEMICONDUTORES','30401003'),('30401038','MATERIAIS E DISPOSITIVOS SUPERCONDUTORES','30401003'),('30401046','MATERIAIS DIELÉTRICOS, PIEZOELÉTRICOS E FERROELÉTRICOS','30401003'),('30401054','MATERIAIS E COMPONENTES ELETROÓTICOS E MAGNETOÓTICOS, MATERIAIS FOTOELÉTRICOS','30401003'),('30401062','MATERIAIS E DISPOSITIVOS MAGNÉTICOS','30401003'),('30402000','MEDIDAS ELÉTRICAS, MAGNÉTICAS E ELETRÔNICAS; INSTRUMENTAÇÃO','30402000'),('30402018','MEDIDAS ELÉTRICAS','30402000'),('30402026','MEDIDAS MAGNÉTICAS','30402000'),('30402034','INSTRUMENTAÇÃO ELETROMECÂNICA','30402000'),('30402042','INSTRUMENTAÇÃO ELETRÔNICA','30402000'),('30402050','SISTEMAS ELETRÔNICOS DE MEDIDA E DE CONTROLE','30402000'),('30403006','CIRCUITOS ELÉTRICOS, MAGNÉTICOS E ELETRÔNICOS','30403006'),('30403014','TEORIA GERAL DOS CIRCUITOS ELÉTRICOS','30403006'),('30403022','CIRCUITOS LINEARES E NÃO-LINEARES','30403006'),('30403030','CIRCUITOS ELETRÔNICOS','30403006'),('30403049','CIRCUITOS MAGNÉTICOS , MAGNETISMOS E ELETROMAGNETISMOS','30403006'),('30404002','SISTEMAS ELÉTRICOS DE POTÊNCIA','30404002'),('30404010','GERAÇÃO DA ENERGIA ELÉTRICA','30404002'),('30404029','TRANSMISSÃO DA ENERGIA ELÉTRICA, DISTRIBUIÇÃO DA ENERGIA ELÉTRICA','30404002'),('30404037','CONVERSÃO E RETIFICAÇÃO DA ENERGIA ELÉTRICA','30404002'),('30404045','MEDIÇÃO, CONTROLE, CORREÇÃO E PROTEÇÃO DE SISTEMAS ELÉTRICOS  DE POTÊNCIA','30404002'),('30404053','MÁQUINAS ELÉTRICAS E DISPOSITIVOS DE POTÊNCIA','30404002'),('30404061','INSTALAÇÕES ELÉTRICAS E INDUSTRIAIS','30404002'),('30405009','ELETRÔNICA INDUSTRIAL, SISTEMAS E CONTROLES ELETRÔNICOS','30405009'),('30405017','ELETRÔNICA INDUSTRIAL','30405009'),('30405025','AUTOMAÇÃO ELETRÔNICA DE PROCESSOS ELÉTRICOS E INDUSTRIAIS','30405009'),('30405033','CONTROLE DE PROCESSOS ELETRÔNICOS, RETROALIMENTAÇÃO','30405009'),('30406005','TELECOMUNICAÇÕES','30406005'),('30406013','TEORIA ELETROMAGNETICA, MICROONDAS, PROPAGAÇÃO DE ONDAS, ANTENAS','30406005'),('30406021','RADIONAVEGAÇÃO E RADIOASTRONOMIA','30406005'),('30406030','SISTEMAS DE TELECOMUNICAÇÕES','30406005'),('30501008','FENÔMENOS DE TRANSPORTE','30501008'),('30501016','TRANSFERÊNCIA DE CALOR','30501008'),('30501024','MECÂNICA DOS FLUÍDOS','30501008'),('30501032','DINÂMICA DOS GASES','30501008'),('30501040','PRINCÍPIOS VARIACIONAIS E MÉTODOS NUMÉRICOS','30501008'),('30502004','ENGENHARIA TÉRMICA','30502004'),('30502012','TERMODINÂMICA','30502004'),('30502020','CONTROLE AMBIENTAL','30502004'),('30502039','APROVEITAMENTO DA ENERGIA','30502004'),('30503000','MECÂNICA DOS SÓLIDOS','30503000'),('30503019','MECÂNICA DOS CORPOS SÓLIDOS, ELÁSTICOS E PLÁSTICOS','30503000'),('30503027','DINÂMICA DOS CORPOS RÍGIDOS, ELÁSTICOS E PLÁSTICOS','30503000'),('30503035','ANÁLISE DE TENSÕES','30503000'),('30503043','TERMOELASTICIDADE','30503000'),('30504007','PROJETOS DE MÁQUINAS','30504007'),('30504015','TEORIA DOS MECANISMOS','30504007'),('30504023','ESTÁTICA E DINÂMICA APLICADA','30504007'),('30504031','ELEMENTOS DE MÁQUINAS','30504007'),('30504040','FUNDAMENTOS GERAIS DE PROJETOS DAS MÁQUINAS','30504007'),('30504058','MÁQUINAS, MOTORES E EQUIPAMENTOS','30504007'),('30504066','MÉTODOS DE SÍNTESE E OTIMIZAÇÃO APLICADOS AO PROJETO MECÂNICO','30504007'),('30504074','CONTROLE DE SISTEMAS MECÂNICOS','30504007'),('30504082','APROVEITAMENTO DE ENERGIA','30504007'),('30505003','PROCESSOS DE FABRICAÇÃO','30505003'),('30505011','MATRIZES E FERRAMENTAS','30505003'),('30505020','MAQUINAS DE USINAGEM E CONFORMAÇÃO','30505003'),('30505038','CONTROLE NUMÉRICO','30505003'),('30505046','ROBOTIZAÇÃO','30505003'),('30505054','PROCESSOS DE FABRICAÇÃO, SELEÇÃO ECONÔMICA','30505003'),('30601002','PROCESSOS INDUSTRIAIS DE ENGENHARIA QUÍMICA','30601002'),('30601010','PROCESSOS BIOQUÍMICOS','30601002'),('30601029','PROCESSOS ORGÂNICOS','30601002'),('30601037','PROCESSOS INORGÂNICOS','30601002'),('30602009','OPERAÇÕES INDUSTRIAIS E EQUIPAMENTOS PARA ENGENHARIA QUÍMICA','30602009'),('30602017','REATORES QUÍMICOS','30602009'),('30602025','OPERAÇÕES CARACTERÍSTICAS DE PROCESSOS BIOQUÍMICOS','30602009'),('30602033','OPERAÇÕES DE SEPARAÇÃO E MISTURA','30602009'),('30603005','TECNOLOGIA QUÍMICA','30603005'),('30603013','BALANÇOS GLOBAIS DE MATÉRIA E ENERGIA','30603005'),('30603021','ÁGUA','30603005'),('30603030','ÁLCOOL','30603005'),('30603048','ALIMENTOS','30603005'),('30603056','BORRACHAS','30603005'),('30603064','CARVÃO','30603005'),('30603072','CERÂMICA','30603005'),('30603080','CIMENTO','30603005'),('30603099','COURO','30603005'),('30603102','DETERGENTES','30603005'),('30603110','FERTILIZANTES','30603005'),('30603129','MEDICAMENTOS','30603005'),('30603137','METAIS NÃO-FERROSOS','30603005'),('30603145','ÓLEOS','30603005'),('30603153','PAPEL E CELULOSE','30603005'),('30603161','PETRÓLEO E PETROQUÍMICA','30603005'),('30603170','POLÍMEROS','30603005'),('30603188','PRODUTOS NATURAIS','30603005'),('30603196','TÊXTEIS','30603005'),('30603200','TRATAMENTOS E APROVEITAMENTO DE REJEITOS','30603005'),('30603218','XISTO','30603005'),('30701007','RECURSOS HÍDRICOS','30701007'),('30701015','PLANEJAMENTO INTEGRADO DOS RECURSOS HÍDRICOS','30701007'),('30701023','TECNOLOGIA E PROBLEMAS SANITÁRIOS DE IRRIGAÇÃO','30701007'),('30701031','ÁGUAS SUBTERRÁNEAS E POÇOS PROFUNDOS','30701007'),('30701040','CONTROLE DE ENCHENTES E DE BARRAGENS','30701007'),('30701058','SEDIMENTOLOGIA','30701007'),('30702003','TRATAMENTO DE ÁGUAS DE ABASTECIMENTO E RESIDUÁRIAS','30702003'),('30702011','QUÍMICA SANITÁRIA','30702003'),('30702020','PROCESSOS SIMPLIFICADOS DE TRATAMENTO DE ÁGUAS','30702003'),('30702038','TÉCNICAS CONVENCIONAIS DE TRATAMENTO DE ÁGUAS','30702003'),('30702046','TÉCNICAS AVANÇADAS DE TRATAMENTO DE ÁGUAS','30702003'),('30702054','ESTUDOS E CARACTERIZAÇÃO DE EFLUENTES INDUSTRIAIS','30702003'),('30702062','LAYOUT DE PROCESSOS INDUSTRIAIS','30702003'),('30702070','RESÍDUOS RADIOATIVOS','30702003'),('30703000','SANEAMENTO BÁSICO','30703000'),('30703018','TÉCNICAS DE ABASTECIMENTO DA ÁGUA','30703000'),('30703026','DRENAGEM DE ÁGUAS RESIDUÁRIAS','30703000'),('30703034','DRENAGEM URBANA DE ÁGUAS PLUVIAIS','30703000'),('30703042','RESIDUOS SÓLIDOS, DOMÉSTICOS E INDUSTRIAIS','30703000'),('30703050','LIMPEZA PÚBLICA','30703000'),('30703069','INSTALAÇÕES HIDRÁULICO-SANITÁRIAS','30703000'),('30704006','SANEAMENTO AMBIENTAL','30704006'),('30704014','ECOLOGIA APLICADA A ENGENHARIA SANITÁRIA','30704006'),('30704022','MICROBIOLOGIA APLICADA E ENGENHARIA SANITÁRIA','30704006'),('30704030','PARASITOLOGIA APLICADA A ENGENHARIA SANITÁRIA','30704006'),('30704049','QUALIDADE DO AR, DAS ÁGUAS E DO SOLO','30704006'),('30704057','CONTROLE DA POLUIÇÃO','30704006'),('30704065','LEGISLAÇÃO AMBIENTAL','30704006'),('30801001','GERÊNCIA DE PRODUÇÃO','30801001'),('30801010','PLANEJAMENTO DE INSTALAÇÕES INDUSTRIAIS','30801001'),('30801028','PLANEJAMENTO, PROJETO E CONTROLE DE SISTEMAS DE PRODUÇÃO','30801001'),('30801036','HIGIENE E SEGURANÇA DO TRABALHO','30801001'),('30801044','SUPRIMENTOS','30801001'),('30801052','GARANTIA DE CONTROLE DE QUALIDADE','30801001'),('30802008','PESQUISA OPERACIONAL','30802008'),('30802016','PROCESSOS ESTOCÁSTICOS E TEORIA DAS FILAS','30802008'),('30802024','PROGRAMAÇÃO LINEAR, NÃO-LINEAR, MISTA E DINÂMICA','30802008'),('30802032','SÉRIES TEMPORAIS','30802008'),('30802040','TEORIA DOS GRAFOS','30802008'),('30802059','TEORIA DOS JOGOS','30802008'),('30803004','ENGENHARIA DO PRODUTO','30803004'),('30803012','ERGONOMIA','30803004'),('30803020','METODOLOGIA DE PROJETO DO PRODUTO','30803004'),('30803039','PROCESSOS DE TRABALHO','30803004'),('30803047','GERÊNCIA DO PROJETO E DO PRODUTO','30803004'),('30803055','DESENVOLVIMENTO DE PRODUTO','30803004'),('30804000','ENGENHARIA ECONÔMICA','30804000'),('30804019','ESTUDO DE MERCADO','30804000'),('30804027','LOCALIZAÇÃO INDUSTRIAL','30804000'),('30804035','ANÁLISE DE CUSTOS','30804000'),('30804043','ECONOMIA DE TECNOLOGIA','30804000'),('30804051','VIDA ECONÔMICA DOS EQUIPAMENTOS','30804000'),('30804060','AVALIAÇÃO DE PROJETOS','30804000'),('30901006','APLICAÇÕES DE RADIOISÓTOPOS','30901006'),('30901014','PRODUÇÃO DE RADIOISÓTOPOS','30901006'),('30901022','APLICAÇÕES INDUSTRIAIS DE RADIOISÓTOPOS','30901006'),('30901030','INSTRUMENTAÇÃO PARA MEDIDA E CONTROLE DE RADIAÇÃO','30901006'),('30902002','FUSÃO CONTROLADA','30902002'),('30902010','PROCESSOS INDUSTRIAIS DA FUSÃO CONTROLADA','30902002'),('30902029','PROBLEMAS TECNOLÓGICOS DA FUSÃO CONTROLADA','30902002'),('30903009','COMBUSTÍVEL NUCLEAR','30903009'),('30903017','EXTRAÇÃO DE COMBUSTÍVEL NUCLEAR','30903009'),('30903025','CONVERSÃO, ENRIQUECIMENTO E FABRICAÇÃO DE COMBUSTÍVEL NUCLEAR','30903009'),('30903033','REPROCESSAMENTO DE COMBUSTÍVEL NUCLEAR','30903009'),('30903041','REJEITOS DE COMBUSTÍVEL NUCLEAR','30903009'),('30904005','TECNOLOGIA DOS REATORES','30904005'),('30904013','NÚCLEO DO REATOR','30904005'),('30904021','MATERIAIS NUCLEARES E BLINDAGEM DE REATORES','30904005'),('30904030','TRANSFERÊNCIA DE CALOR EM REATORES','30904005'),('30904048','GERAÇÃO E INTEGRAÇÃO COM SISTEMAS ELÉTRICOS  EM REATORES','30904005'),('30904056','INSTRUMENTAÇÃO PARA OPERAÇÃO E CONTROLE DE REATORES','30904005'),('30904064','SEGURANÇA, LOCALIZAÇÃO E LICENCIAMENTO DE REATORES','30904005'),('30904072','ASPECTOS ECONÔMICOS DE REATORES','30904005'),('31001009','PLANEJAMENTO DE TRANSPORTES','31001009'),('31001017','PLANEJAMENTO E ORGANIZAÇÃO DO SISTEMA DE TRANSPORTE','31001009'),('31001025','ECONOMIA DOS TRANSPORTES','31001009'),('31002005','VEÍCULOS E EQUIPAMENTOS DE CONTROLE','31002005'),('31002013','VIAS DE TRANSPORTE','31002005'),('31002021','VEÍCULOS DE TRANSPORTES','31002005'),('31002030','ESTAÇÃO DE TRANSPORTE','31002005'),('31002048','EQUIPAMENTOS AUXILIARES E CONTROLES','31002005'),('31003001','OPERAÇÕES DE TRANSPORTES','31003001'),('31003010','ENGENHARIA DE TRÁFEGO','31003001'),('31003028','CAPACIDADE DE VIAS DE TRANSPORTE','31003001'),('31003036','OPERAÇÃO DE SISTEMAS DE TRANSPORTE','31003001'),('31101003','HIDRODINÂMICA DE NAVIOS E SISTEMAS OCEÂNICOS','31101003'),('31101011','RESISTÊNCIA HIDRODINÂMICA','31101003'),('31101020','PROPULSÃO DE NAVIOS','31101003'),('31102000','ESTRUTURAS NAVAIS E OCEÂNICAS','31102000'),('31102018','ANÁLISE TEÓRICA E EXPERIMENTAL DE ESTRUTURA','31102000'),('31102026','DINÂMICA ESTRUTURAL NAVAL E OCEÂNICA','31102000'),('31102034','SÍNTESE ESTRUTURAL NAVAL E OCEÂNICA','31102000'),('31103006','MÁQUINAS MARÍTIMAS','31103006'),('31103014','ANÁLISE DE SISTEMAS PROPULSORES','31103006'),('31103022','CONTROLE E AUTOMAÇÃO DE SISTEMAS PROPULSORES','31103006'),('31103030','EQUIPAMENTOS AUXILIARES DO SISTEMA PROPULSIVO','31103006'),('31103049','MOTOR DE PROPULSÃO','31103006'),('31104002','PROJETO DE NAVIOS E DE SISTEMAS OCEÂNICOS','31104002'),('31104010','PROJETOS DE NAVIOS','31104002'),('31104029','PROJETOS DE SISTEMAS OCEÂNICOS FIXOS E SEMI-FIXOS','31104002'),('31104037','PROJETOS DE EMBARCAÇÕES NÃO-CONVENCIONAIS','31104002'),('31105009','TECNOLOGIA DE CONSTRUÇÃO NAVAL E DE SISTEMAS OCEÂNICOS','31105009'),('31105017','MÉTODOS DE FABRICAÇÃO DE NAVIOS E SISTEMAS OCEÂNICOS','31105009'),('31105025','SOLDAGEM DE ESTRUTURAS NAVAIS E OCEÂNICOS','31105009'),('31105033','CUSTOS DE CONSTRUÇÃO NAVAL','31105009'),('31105041','NORMATIZAÇÃO E CERTIFICAÇÃO DE QUALIDADE DE NAVIOS','31105009'),('31201008','AERODINÂMICA','31201008'),('31201016','AERODINÂMICA DE AERONAVES ESPACIAIS','31201008'),('31201024','AERODINÂMICA DOS PROCESSOS GEOFÍSICOS E INTERPLANETÁRIOS','31201008'),('31202004','DINÂMICA DE VÔO','31202004'),('31202012','TRAJETÓRIAS E ÓRBITAS','31202004'),('31202020','ESTABILIDADE E CONTROLE','31202004'),('31203000','ESTRUTURAS AEROESPACIAIS','31203000'),('31203019','AEROELASTICICIDADE','31203000'),('31203027','FADIGA','31203000'),('31203035','PROJETO DE ESTRUTURAS AEROESPACIAIS','31203000'),('31204007','MATERIAIS E PROCESSOS PARA ENGENHARIA AERONÁUTICA E AEROESPACIAL','31204007'),('31205003','PROPULSÃO AEROESPACIAL','31205003'),('31205011','COMBUSTÃO E ESCOAMENTO COM REAÇÕES QUÍMICAS','31205003'),('31205020','PROPULSÃO DE FOGUETES','31205003'),('31205038','MÁQUINAS DE FLUXO','31205003'),('31205046','MOTORES ALTERNATIVOS','31205003'),('31206000','SISTEMAS AEROESPACIAIS','31206000'),('31206018','AVIÕES','31206000'),('31206026','FOGUETES','31206000'),('31206034','HELICÓPTEROS','31206000'),('31206042','HOVERCRAFT','31206000'),('31206050','SATÉLITES E OUTROS DISPOSITIVOS AEROESPACIAIS','31206000'),('31206069','NORMATIZAÇÃO E CERTIFICAÇÃO DE QUALIDADE DE AERONAVES E COMPONENTES','31206000'),('31206077','MANUTENÇÃO DE SISTEMAS AEROESPACIAIS','31206000'),('31301002','BIOENGENHARIA','31301002'),('31301010','PROCESSAMENTO DE SINAIS BIOLÓGICOS','31301002'),('31301029','MODELAGEM DE FENÔMENOS BIOLÓGICOS','31301002'),('31301037','MODELAGEM DE SISTEMAS BIOLÓGICOS','31301002'),('31302009','ENGENHARIA MÉDICA','31302009'),('31302017','BIOMATERIAIS E MATERIAIS BIOCOMPATÍVEIS','31302009'),('31302025','TRANSDUTORES PARA APLICAÇÕES BIOMÉDICAS','31302009'),('31302033','INSTRUMENTAÇÃO ODONTOLÓGICA E MÉDICO-HOSPITALAR','31302009'),('31302041','TECNOLOGIA DE PRÓTESES','31302009'),('31401007','PLANEJAMENTO ENERGÉTICO','31401007'),('31401015','SISTEMAS ENERGÉTICOS','31401007'),('31401023','POLÍTICA ENERGÉTICA REGIONAL E NACIONAL','31401007'),('31401031','USO EFICIENTE DE ENERGIA','31401007'),('31401040','ANÁLISE DE IMPACTOS PRODUZIDOS POR SISTEMAS ENERGÉTICOS','31401007'),('31402003','FONTES RENOVÁVEIS DE ENERGIA','31402003'),('31402011','ENERGIA SOLAR TÉRMICA','31402003'),('31402020','ENERGIA SOLAR FOTOVOLTÁICA','31402003'),('31402038','ENERGIA EÓLICA','31402003'),('31402046','MICRO-CENTRAIS HIDRELÉTRICAS','31402003'),('31402054','ENERGIA DAS ONDAS E MARÉS','31402003'),('31402062','ENERGIA DE BIOMASSA','31402003'),('31402070','SISTEMAS HÍBRIDOS E SISTEMAS NÃO-CONVENCIONAIS DE ARMAZENAGEM DE ENERGIA','31402003'),('40101002','CLÍNICA MÉDICA','40101002'),('40101010','ANGIOLOGIA','40101002'),('40101029','DERMATOLOGIA','40101002'),('40101037','ALERGOLOGIA E IMUNOLOGIA CLÍNICA','40101002'),('40101045','CANCEROLOGIA','40101002'),('40101053','HEMATOLOGIA','40101002'),('40101061','ENDOCRINOLOGIA','40101002'),('40101070','NEUROLOGIA','40101002'),('40101088','PEDIATRIA','40101002'),('40101096','DOENÇAS INFECCIOSAS E PARASITÁRIAS','40101002'),('40101100','CARDIOLOGIA','40101002'),('40101118','GASTROENTEROLOGIA','40101002'),('40101126','PNEUMOLOGIA','40101002'),('40101134','NEFROLOGIA','40101002'),('40101142','REUMATOLOGIA','40101002'),('40101150','GINECOLOGIA E OBSTETRÍCIA','40101002'),('40101169','FISIATRIA','40101002'),('40101177','OFTALMOLOGIA','40101002'),('40101186','ORTOPEDIA','40101002'),('40102009','CIRURGIA','40102009'),('40102017','CIRURGIA PLÁSTICA E RESTAURADORA','40102009'),('40102025','CIRURGIA OTORRINOLARINGOLÓGICA','40102009'),('40102033','CIRURGIA OFTALMOLÓGICA','40102009'),('40102041','CIRURGIA CARDIOVASCULAR','40102009'),('40102050','CIRURGIA TORÁXICA','40102009'),('40102068','CIRURGIA GASTROENTEROLOGIA','40102009'),('40102076','CIRURGIA PEDIÁTRICA','40102009'),('40102084','NEUROCIRURGIA','40102009'),('40102092','CIRURGIA UROLÓGICA','40102009'),('40102106','CIRURGIA PROCTOLÓGICA','40102009'),('40102114','CIRURGIA ORTOPÉDICA','40102009'),('40102122','CIRURGIA TRAUMATOLÓGICA','40102009'),('40102130','ANESTESIOLOGIA','40102009'),('40102149','CIRURGIA EXPERIMENTAL','40102009'),('40103005','SAÚDE MATERNO-INFANTIL','40103005'),('40104001','PSIQUIATRIA','40104001'),('40105008','ANATOMIA PATOLÓGICA E PATOLOGIA CLÍNICA','40105008'),('40106004','RADIOLOGIA MÉDICA','40106004'),('40107000','MEDICINA LEGAL E DEONTOLOGIA','40107000'),('40201007','CLÍNICA ODONTOLÓGICA','40201007'),('40202003','CIRURGIA BUCO-MAXILO-FACIAL','40202003'),('40203000','ORTODONTIA','40203000'),('40204006','ODONTOPEDIATRIA','40204006'),('40205002','PERIODONTIA','40205002'),('40206009','ENDODONTIA','40206009'),('40207005','RADIOLOGIA ODONTOLÓGICA','40207005'),('40208001','ODONTOLOGIA SOCIAL E PREVENTIVA','40208001'),('40209008','MATERIAIS ODONTOLÓGICOS','40209008'),('40301001','FARMACOTÉCNICA E TECNOLOGIA FARMACÊUTICA','40301001'),('40302008','FARMACOGNOSIA','40302008'),('40303004','AVALIAÇÃO E ANALISES TOXICOLÓGICAS','40303004'),('40304000','GARANTIA E CONTROLE DE QUALIDADE FARMACÊUTICOS','40304000'),('40306003','FISIOPATOLOGIA E DIAGNÓSTICO LABORATORIAL','40306003'),('40307000','FARMÁCIA CLÍNICA, ASSISTÊNCIA E ATENÇÃO FARMACÊUTICAS','40307000'),('40308006','QUÍMICA FARMACÊUTICA MEDICINAL','40308006'),('40401006','ENFERMAGEM EM SAÚDE DO ADULTO E DO IDOSO','40401006'),('40402002','ENFERMAGEM EM SAÚDE DA MULHER','40402002'),('40403009','ENFERMAGEM EM SAÚDE DA CRIANÇA E DO ADOLESCENTE','40403009'),('40404005','ENFERMAGEM EM SAÚDE MENTAL','40404005'),('40405001','ENFERMAGEM EM DOENÇAS EMERGENTES, REEMERGENTES E NEGLIGENCIADAS','40405001'),('40406008','ENFERMAGEM EM SAÚDE COLETIVA','40406008'),('40407004','ENFERMAGEM FUNDAMENTAL','40407004'),('40408000','ENFERMAGEM NA GESTÃO E GERENCIAMENTO','40408000'),('40501000','BIOQUÍMICA DA NUTRIÇÃO','40501000'),('40502007','DIETÉTICA','40502007'),('40503003','ANÁLISE NUTRICIONAL DE POPULAÇÃO','40503003'),('40504000','DESNUTRIÇÃO E DESENVOLVIMENTO FISIOLÓGICO','40504000'),('40601005','EPIDEMIOLOGIA','40601005'),('40602001','SAÚDE PÚBLICA','40602001'),('40603008','MEDICINA PREVENTIVA','40603008'),('50101005','CIÊNCIA DO SOLO','50101005'),('50101013','GÊNESE, MORFOLOGIA E CLASSIFICAÇÃO DOS SOLOS','50101005'),('50101021','FÍSICA DO SOLO','50101005'),('50101030','QUÍMICA DO SOLO','50101005'),('50101048','MICROBIOLOGIA E BIOQUÍMICA DO SOLO','50101005'),('50101056','FERTILIDADE DO SOLO E ADUBAÇÃO','50101005'),('50101064','MANEJO E CONSERVAÇÃO DO SOLO','50101005'),('50102001','FITOSSANIDADE','50102001'),('50102010','FITOPATOLOGIA','50102001'),('50102028','ENTOMOLOGIA AGRÍCOLA','50102001'),('50102036','PARASITOLOGIA AGRÍCOLA','50102001'),('50102044','MICROBIOLOGIA AGRÍCOLA','50102001'),('50102052','DEFESA FITOSSANITÁRIA','50102001'),('50103008','FITOTECNIA','50103008'),('50103016','MANEJO E TRATOS CULTURAIS','50103008'),('50103024','MECANIZAÇÃO AGRÍCOLA','50103008'),('50103032','PRODUÇÃO E BENEFICIAMENTO DE SEMENTES','50103008'),('50103040','PRODUÇÃO DE MUDAS','50103008'),('50103059','MELHORAMENTO VEGETAL','50103008'),('50103067','FISIOLOGIA DE PLANTAS CULTIVADAS','50103008'),('50103075','MATOLOGIA','50103008'),('50104004','FLORICULTURA, PARQUES E JARDINS','50104004'),('50104012','FLORICULTURA','50104004'),('50104020','PARQUES E JARDINS','50104004'),('50104039','ARBORIZAÇÃO DE VIAS PÚBLICAS','50104004'),('50105000','AGROMETEOROLOGIA','50105000'),('50106007','EXTENSÃO RURAL','50106007'),('50201000','SILVICULTURA','50201000'),('50201018','DENDROLOGIA','50201000'),('50201026','FLORESTAMENTO E REFLORESTAMENTO','50201000'),('50201034','GENÉTICA E MELHORAMENTO FLORESTAL','50201000'),('50201042','SEMENTES FLORESTAIS','50201000'),('50201050','NUTRIÇÃO FLORESTAL','50201000'),('50201069','FISIOLOGIA FLORESTAL','50201000'),('50201077','SOLOS FLORESTAIS','50201000'),('50201085','PROTEÇÃO FLORESTAL','50201000'),('50202006','MANEJO FLORESTAL','50202006'),('50202014','ECONOMIA FLORESTAL','50202006'),('50202022','POLÍTICA E LEGISLAÇÃO FLORESTAL','50202006'),('50202030','ADMINISTRAÇÃO FLORESTAL','50202006'),('50202049','DENDROMETRIA E INVENTÁRIO FLORESTAL','50202006'),('50202057','FOTOINTERPRETAÇÃO FLORESTAL','50202006'),('50202065','ORDENAMENTO FLORESTAL','50202006'),('50203002','TÉCNICAS E OPERAÇÕES FLORESTAIS','50203002'),('50203010','EXPLORAÇÃO FLORESTAL','50203002'),('50203029','MECANIZAÇÃO FLORESTAL','50203002'),('50204009','TECNOLOGIA E UTILIZAÇÃO DE PRODUTOS FLORESTAIS','50204009'),('50204017','ANATOMIA E IDENTIFICAÇÃO DE PRODUTOS FLORESTAIS','50204009'),('50204025','PROPRIEDADES FISICO-MECÂNICAS DA MADEIRA','50204009'),('50204033','RELAÇÕES ÁGUA-MADEIRA E SECAGEM','50204009'),('50204041','TRATAMENTO DA MADEIRA','50204009'),('50204050','PROCESSAMENTO MECÂNICO DA MADEIRA','50204009'),('50204068','QUÍMICA DA MADEIRA','50204009'),('50204076','RESINAS DE MADEIRAS','50204009'),('50204084','TECNOLOGIA DE CELULOSE E PAPEL','50204009'),('50204092','TECNOLOGIA DE CHAPAS','50204009'),('50205005','CONSERVAÇÃO DA NATUREZA','50205005'),('50205013','HIDROLOGIA FLORESTAL','50205005'),('50205021','CONSERVAÇÃO DE ÁREAS SILVESTRES','50205005'),('50205030','CONSERVAÇÃO DE BACIAS HIDROGRÁFICAS','50205005'),('50205048','RECUPERAÇÃO DE AREAS DEGRADADAS','50205005'),('50206001','ENERGIA DE BIOMASSA FLORESTAL','50206001'),('50301004','MÁQUINAS E IMPLEMENTOS AGRÍCOLAS','50301004'),('50302000','ENGENHARIA DE ÁGUA E SOLO','50302000'),('50302019','IRRIGAÇÃO E DRENAGEM','50302000'),('50302027','CONSERVAÇÃO DE SOLO E ÁGUA','50302000'),('50303007','ENGENHARIA DE PROCESSAMENTO DE PRODUTOS AGRÍCOLAS','50303007'),('50303015','PRÉ-PROCESSAMENTO DE PRODUTOS AGRÍCOLAS','50303007'),('50303023','ARMAZENAMENTO DE PRODUTOS AGRÍCOLAS','50303007'),('50303031','TRANSFERÊNCIA DE PRODUTOS AGRÍCOLAS','50303007'),('50304003','CONSTRUÇÕES RURAIS E AMBIÊNCIA','50304003'),('50304011','ASSENTAMENTO RURAL','50304003'),('50304020','ENGENHARIA DE CONSTRUÇÕES RURAIS','50304003'),('50304038','SANEAMENTO RURAL','50304003'),('50305000','ENERGIZAÇÃO RURAL','50305000'),('50401009','ECOLOGIA DOS ANIMAIS DOMÉSTICOS E ETOLOGIA','50401009'),('50402005','GENÉTICA E MELHORAMENTO DOS ANIMAIS DOMÉSTICOS','50402005'),('50403001','NUTRIÇÃO E ALIMENTAÇÃO ANIMAL','50403001'),('50403010','EXIGÊNCIAS NUTRICIONAIS DOS ANIMAIS','50403001'),('50403028','AVALIAÇÃO DE ALIMENTOS PARA ANIMAIS','50403001'),('50403036','CONSERVAÇÃO DE ALIMENTOS PARA ANIMAIS','50403001'),('50404008','PASTAGEM E FORRAGICULTURA','50404008'),('50404016','AVALIAÇÃO, PRODUÇÃO E CONSERVAÇÃO DE FORRAGENS','50404008'),('50404024','MANEJO E CONSERVAÇÃO DE PASTAGENS','50404008'),('50404032','FISIOLOGIA DE PLANTAS FORRAGEIRAS','50404008'),('50404040','MELHORAMENTO DE PLANTAS FORRAGEIRAS E PRODUÇÃO DE SEMENTES','50404008'),('50404059','TOXICOLOGIA E PLANTAS TÓXICAS','50404008'),('50405004','PRODUÇÃO ANIMAL','50405004'),('50405012','CRIAÇÃO DE ANIMAIS','50405004'),('50405020','MANEJO DE ANIMAIS','50405004'),('50405039','INSTALAÇÕES PARA PRODUÇÃO ANIMAL','50405004'),('50501003','CLÍNICA E CIRURGIA ANIMAL','50501003'),('50501011','ANESTESIOLOGIA ANIMAL','50501003'),('50501020','TÉCNICA CIRÚRGICA ANIMAL','50501003'),('50501038','RADIOLOGIA DE ANIMAIS','50501003'),('50501046','FARMACOLOGIA E TERAPÊUTICA ANIMAL','50501003'),('50501054','OBSTETRÍCIA ANIMAL','50501003'),('50501062','CLÍNICA VETERINÁRIA','50501003'),('50501070','CLÍNICA CIRÚRGICA ANIMAL','50501003'),('50501089','TOXICOLOGIA ANIMAL','50501003'),('50502000','SAÚDE ANIMAL (PROGRAMAS SANITÁRIOS)','50502000'),('50502018','MEDICINA VETERINÁRIA PREVENTIVA','50502000'),('50502026','EPIDEMIOLOGIA ANIMAL','50502000'),('50502034','SANEAMENTO APLICADO A SAÚDE DO HOMEM','50502000'),('50502042','DOENÇAS INFECCIOSAS DE ANIMAIS','50502000'),('50502050','DOENÇAS PARASITÁRIAS DE ANIMAIS','50502000'),('50503006','PATOLOGIA ANIMAL','50503006'),('50503014','PATOLOGIA AVIÁRIA','50503006'),('50503022','ANATOMIA PATOLOGIA ANIMAL','50503006'),('50503030','PATOLOGIA CLÍNICA ANIMAL','50503006'),('50504002','REPRODUÇÃO ANIMAL','50504002'),('50504010','GINECOLOGIA E ANDROLOGIA ANIMAL','50504002'),('50504029','INSEMINAÇÃO ARTIFICIAL ANIMAL','50504002'),('50504037','FISIOPATOLOGIA DA REPRODUÇÃO ANIMAL','50504002'),('50505009','INSPEÇÃO DE PRODUTOS DE ORIGEM ANIMAL','50505009'),('50601008','RECURSOS PESQUEIROS MARINHOS','50601008'),('50601016','FATORES ABIÓTICOS DO MAR','50601008'),('50601024','AVALIAÇÃO DE ESTOQUES PESQUEIROS MARINHOS','50601008'),('50601032','EXPLORAÇÃO PESQUEIRA MARINHA','50601008'),('50601040','MANEJO E CONSERVAÇÃO DE RECURSOS PESQUEIROS MARINHOS','50601008'),('50602004','RECURSOS PESQUEIROS DE ÁGUAS INTERIORES','50602004'),('50602012','FATORES ABIÓTICOS DE ÁGUAS INTERIORES','50602004'),('50602020','AVALIAÇÃO DE ESTOQUES PESQUEIROS DE ÁGUAS INTERIORES','50602004'),('50602039','EXPLOTAÇÃO PESQUEIRA DE ÁGUAS INTERIORES','50602004'),('50602047','MANEJO E CONSERVAÇÃO DE RECURSOS PESQUEIROS DE ÁGUAS INTERIORES','50602004'),('50603000','AQÜICULTURA','50603000'),('50603019','MARICULTURA','50603000'),('50603027','CARCINOCULTURA','50603000'),('50603035','OSTREICULTURA','50603000'),('50603043','PISCICULTURA','50603000'),('50604007','ENGENHARIA DE PESCA','50604007'),('50701002','CIÊNCIA DE ALIMENTOS','50701002'),('50701010','VALOR NUTRITIVO DE ALIMENTOS','50701002'),('50701029','QUÍMICA, FÍSICA, FISICO-QUÍMICA E BIOQUÍMICA DOS ALIM. E DAS MAT-PRIMAS ALIMENTARES','50701002'),('50701037','MICROBIOLOGIA DE ALIMENTOS','50701002'),('50701045','FISIOLOGIA PÓS-COLHEITA','50701002'),('50701053','TOXICIDADE E RESÍDUOS DE PESTICIDAS EM ALIMENTOS','50701002'),('50701061','AVALIAÇÃO E CONTROLE DE QUALIDADE DE ALIMENTOS','50701002'),('50701070','PADRÕES, LEGISLAÇÃO E FISCALIZAÇÃO DE ALIMENTOS','50701002'),('50702009','TECNOLOGIA DE ALIMENTOS','50702009'),('50702017','TECNOLOGIA DE PRODUTOS DE ORIGEM ANIMAL','50702009'),('50702025','TECNOLOGIA DE PRODUTOS DE ORIGEM VEGETAL','50702009'),('50702033','TECNOLOGIA DAS BEBIDAS','50702009'),('50702041','TECNOLOGIA DE ALIMENTOS DIETÉTICOS E NUTRICIONAIS','50702009'),('50702050','APROVEITAMENTO DE SUBPRODUTOS','50702009'),('50702068','EMBALAGENS DE PRODUTOS ALIMENTARES','50702009'),('50703005','ENGENHARIA DE ALIMENTOS','50703005'),('50703013','INSTALAÇÕES INDUSTRIAIS DE PRODUÇÃO DE ALIMENTOS','50703005'),('50703021','ARMAZENAMENTO DE ALIMENTOS','50703005'),('54254784','NADADAB','10102000'),('60101008','TEORIA DO DIREITO','60101008'),('60101016','TEORIA GERAL DO DIREITO','60101008'),('60101024','TEORIA GERAL DO PROCESSO','60101008'),('60101032','TEORIA DO ESTADO','60101008'),('60101040','HISTÓRIA DO DIREITO','60101008'),('60101059','FILOSOFIA DO DIREITO','60101008'),('60101067','LÓGICA JURÍDICA','60101008'),('60101075','SOCIOLOGIA JURÍDICA','60101008'),('60101083','ANTROPOLOGIA JURÍDICA','60101008'),('60102004','DIREITO PÚBLICO','60102004'),('60102012','DIREITO TRIBUTÁRIO','60102004'),('60102020','DIREITO PENAL','60102004'),('60102039','DIREITO PROCESSUAL PENAL','60102004'),('60102047','DIREITO PROCESSUAL CIVIL','60102004'),('60102055','DIREITO CONSTITUCIONAL','60102004'),('60102063','DIREITO ADMINISTRATIVO','60102004'),('60102071','DIREITO INTERNACIONAL PÚBLICO','60102004'),('60103000','DIREITO PRIVADO','60103000'),('60103019','DIREITO CIVIL','60103000'),('60103027','DIREITO COMERCIAL','60103000'),('60103035','DIREITO DO TRABALHO','60103000'),('60103043','DIREITO INTERNACIONAL PRIVADO','60103000'),('60104007','DIREITOS ESPECIAIS','60104007'),('60201002','ADMINISTRAÇÃO DE EMPRESAS','60201002'),('60201010','ADMINISTRAÇÃO DA PRODUÇÃO','60201002'),('60201029','ADMINISTRAÇÃO FINANCEIRA','60201002'),('60201037','MERCADOLOGIA','60201002'),('60201045','NEGÓCIOS INTERNACIONAIS','60201002'),('60201053','ADMINISTRAÇÃO DE RECURSOS HUMANOS','60201002'),('60202009','ADMINISTRAÇÃO PÚBLICA','60202009'),('60202017','CONTABILIDADE E FINANÇAS PÚBLICAS','60202009'),('60202025','ORGANIZAÇÕES PÚBLICAS','60202009'),('60202033','POLÍTICA E PLANEJAMENTO GOVERNAMENTAIS','60202009'),('60202041','ADMINISTRAÇÃO DE PESSOAL','60202009'),('60202051','PLANEJAMENTO EM CIÊNCIA E TECNOLOGIA','60202009'),('60203005','ADMINISTRAÇÃO DE SETORES ESPECÍFICOS','60203005'),('60204001','CIÊNCIAS CONTÁBEIS','60204001'),('60301007','TEORIA ECONÔMICA','60301007'),('60301015','ECONOMIA GERAL','60301007'),('60301023','TEORIA GERAL DA ECONOMIA','60301007'),('60301031','HISTÓRIA DO PENSAMENTO ECONÔMICO','60301007'),('60301040','HISTÓRIA ECONÔMICA','60301007'),('60301058','SISTEMAS ECONÔMICOS','60301007'),('60302003','MÉTODOS QUANTITATIVOS EM ECONOMIA','60302003'),('60302011','MÉTODOS E MODELOS MATEMÁTICOS, ECONOMÉTRICOS E ESTATÍSTICOS','60302003'),('60302020','ESTATÍSTICA SÓCIO-ECONÔMICA','60302003'),('60302038','CONTABILIDADE NACIONAL','60302003'),('60302046','ECONOMIA MATEMÁTICA','60302003'),('60303000','ECONOMIA MONETÁRIA E FISCAL','60303000'),('60303018','TEORIA MONETÁRIA E FINANCEIRA','60303000'),('60303026','INSTITUIÇÕES MONETÁRIAS E FINANCEIRAS DO BRASIL','60303000'),('60303034','FINANÇAS PÚBLICAS INTERNAS','60303000'),('60303042','POLÍTICA FISCAL DO BRASIL','60303000'),('60304006','CRESCIMENTO, FLUTUAÇÕES E PLANEJAMENTO ECONÔMICO','60304006'),('60304014','CRESCIMENTO E DESENVOLVIMENTO ECONÔMICO','60304006'),('60304022','TEORIA E POLÍTICA DE PLANEJAMENTO ECONÔMICO','60304006'),('60304030','FLUTUAÇÕES CÍCLICAS E PROJEÇÕES ECONÔMICAS','60304006'),('60304049','INFLAÇÃO','60304006'),('60305002','ECONOMIA INTERNACIONAL','60305002'),('60305010','TEORIA DO COMÉRCIO INTERNACIONAL','60305002'),('60305029','RELAÇÕES DO COMÉRCIO; POLÍTICA COMERCIAL; INTEGRAÇÃO ECONÔMICA','60305002'),('60305037','BALANÇO DE PAGAMENTOS; FINANÇAS INTERNACIONAIS','60305002'),('60305045','INVESTIMENTOS INTERNACIONAIS E AJUDA EXTERNA','60305002'),('60306009','ECONOMIA DOS RECURSOS HUMANOS','60306009'),('60306017','TREINAMENTO E ALOCAÇÃO DE MÃO-DE-OBRA; OFERTA DE MÃO-DE-OBRA E FORÇA DE TRABALHO','60306009'),('60306025','MERCADO DE TRABALHO; POLÍTICA DO GOVERNO','60306009'),('60306033','SINDICATOS, DISSÍDIOS COLETIVOS, RELAÇÕES DE EMPREGO (EMPREGADOR/EMPREGADO)','60306009'),('60306041','CAPITAL HUMANO','60306009'),('60306050','DEMOGRAFIA ECONÔMICA','60306009'),('60307005','ECONOMIA INDUSTRIAL','60307005'),('60307013','ORGANIZAÇÃO INDUSTRIAL E  ESTUDOS INDUSTRIAIS','60307005'),('60307021','MUDANÇA TECNOLÓGICA','60307005'),('60308001','ECONOMIA DO BEM-ESTAR SOCIAL','60308001'),('60308010','ECONOMIA DOS PROGRAMAS DE BEM-ESTAR SOCIAL','60308001'),('60308028','ECONOMIA DO CONSUMIDOR','60308001'),('60309008','ECONOMIA REGIONAL E URBANA','60309008'),('60309016','ECONOMIA REGIONAL','60309008'),('60309024','ECONOMIA URBANA','60309008'),('60309032','RENDA E TRIBUTAÇÃO','60309008'),('60310006','ECONOMIAS AGRÁRIA E DOS RECURSOS NATURAIS','60310006'),('60310014','ECONOMIA AGRÁRIA','60310006'),('60310022','ECONOMIA DOS RECURSOS NATURAIS','60310006'),('60401001','FUNDAMENTOS DE ARQUITETURA E URBANISMO','60401001'),('60401010','HISTÓRIA DA ARQUITETURA E URBANISMO','60401001'),('60401028','TEORIA DA ARQUITETURA','60401001'),('60401036','HISTÓRIA DO URBANISMO','60401001'),('60401044','TEORIA DO URBANISMO','60401001'),('60402008','PROJETO DE ARQUITETURA E URBANISMO','60402008'),('60402016','PLANEJAMENTO E PROJETOS DA EDIFICAÇÃO','60402008'),('60402024','PLANEJAMENTO E PROJETO DO ESPAÇO URBANO','60402008'),('60402032','PLANEJAMENTO E PROJETO DO EQUIPAMENTO','60402008'),('60403004','TECNOLOGIA DE ARQUITETURA E URBANISMO','60403004'),('60403012','ADEQUAÇÃO AMBIENTAL','60403004'),('60404000','PAISAGISMO','60404000'),('60404019','DESENVOLVIMENTO HISTÓRICO DO PAISAGISMO','60404000'),('60404027','CONCEITUAÇÃO DE PAISAGÍSMO E METODOLOGIA DO PAISAGISMO','60404000'),('60404035','ESTUDOS DE ORGANIZAÇÃO DO ESPAÇO EXTERIOR','60404000'),('60404043','PROJETOS DE ESPAÇOS LIVRES URBANOS','60404000'),('60501006','FUNDAMENTOS DO PLANEJAMENTO URBANO E REGIONAL','60501006'),('60501014','TEORIA DO PLANEJAMENTO URBANO E REGIONAL','60501006'),('60501022','TEORIA DA URBANIZAÇÃO','60501006'),('60501030','POLÍTICA URBANA','60501006'),('60501049','HISTÓRIA URBANA','60501006'),('60502002','MÉTODOS E TÉCNICAS DO PLANEJAMENTO URBANO E REGIONAL','60502002'),('60502010','INFORMAÇÃO, CADASTRO E MAPEAMENTO','60502002'),('60502029','TÉCNICA DE PREVISÃO URBANA E REGIONAL','60502002'),('60502037','TÉCNICAS DE ANÁLISE E AVALIAÇÃO URBANA E REGIONAL','60502002'),('60502045','TÉCNICAS DE PLANEJAMENTO E PROJETO URBANOS E REGIONAIS','60502002'),('60503009','SERVIÇOS URBANOS E REGIONAIS','60503009'),('60503017','ADMINISTRAÇÃO MUNICIPAL E URBANA','60503009'),('60503025','ESTUDOS DA HABITAÇÃO','60503009'),('60503033','ASPECTOS SOCIAIS DO PLANEJAMENTO URBANO E REGIONAL','60503009'),('60503041','ASPECTOS ECONÔMICOS DO PLANEJAMENTO URBANO E REGIONAL','60503009'),('60503050','ASPECTOS FÍSICO-AMBIENTAIS DO PLANEJAMENTO URBANO E REGIONAL','60503009'),('60503068','SERVIÇOS COMUNITÁRIOS','60503009'),('60503076','INFRA-ESTRUTURAS URBANAS E REGIONAIS','60503009'),('60503084','TRANSPORTE E TRÁFEGO URBANO E REGIONAL','60503009'),('60503092','LEGISLAÇÃO URBANA E REGIONAL','60503009'),('60601000','DISTRIBUIÇÃO ESPACIAL','60601000'),('60601019','DISTRIBUIÇÃO ESPACIAL GERAL','60601000'),('60601027','DISTRIBUIÇÃO ESPACIAL URBANA','60601000'),('60601035','DISTRIBUIÇÃO ESPACIAL RURAL','60601000'),('60602007','TENDÊNCIA POPULACIONAL','60602007'),('60602015','TENDÊNCIAS PASSADAS','60602007'),('60602023','TAXAS E ESTIMATIVAS CORRENTES','60602007'),('60602031','PROJEÇÕES','60602007'),('60603003','COMPONENTES DA DINÂMICA DEMOGRÁFICA','60603003'),('60603011','FECUNDIDADE','60603003'),('60603020','MORTALIDADE','60603003'),('60603038','MIGRAÇÃO','60603003'),('60604000','NUPCIALIDADE E FAMÍLIA','60604000'),('60604018','CASAMENTO E DIVÓRCIO','60604000'),('60604026','FAMÍLIA E REPRODUÇÃO','60604000'),('60605006','DEMOGRAFIA HISTÓRICA','60605006'),('60605014','DISTRIBUIÇÃO ESPACIAL','60605006'),('60605022','NATALIDADE, MORTALIDADE, MIGRAÇÃO','60605006'),('60605030','NUPCIALIDADE E FAMÍLIA','60605006'),('60605049','MÉTODOS E TÉCNICAS DE DEMOGRAFIA HISTÓRICA','60605006'),('60606002','POLÍTICA PÚBLICA E POPULAÇÃO','60606002'),('60606010','POLÍTICA POPULACIONAL','60606002'),('60606029','POLÍTICAS DE REDISTRIBUIÇÃO DE POPULAÇÃO','60606002'),('60606037','POLÍTICAS DE PLANEJAMENTO FAMILIAR','60606002'),('60607009','FONTES DE DADOS DEMOGRÁFICOS','60607009'),('60701005','TEORIA DA INFORMAÇÃO','60701005'),('60701013','TEORIA GERAL DA INFORMAÇÃO','60701005'),('60701021','PROCESSOS DA COMUNICAÇÃO','60701005'),('60701030','REPRESENTAÇÃO DA INFORMAÇÃO','60701005'),('60702001','BIBLIOTECONOMIA','60702001'),('60702010','TEORIA DA CLASSIFICAÇÃO','60702001'),('60702028','MÉTODOS QUANTITATIVOS. BIBLIOMETRIA','60702001'),('60702036','TÉCNICAS DE RECUPERAÇÃO DE INFORMAÇÃO','60702001'),('60702044','PROCESSOS DE DISSEMINAÇÃO DA INFORMAÇÃO','60702001'),('60703008','ARQUIVOLOGIA','60703008'),('60703016','ORGANIZAÇÃO DE ARQUIVOS','60703008'),('60901004','TEORIA DA COMUNICAÇÃO','60901004'),('60902000','JORNALISMO E EDITORAÇÃO','60902000'),('60902019','TEORIA E ÉTICA DO JORNALISMO','60902000'),('60902027','ORGANIZAÇÃO EDITORIAL DE JORNAIS','60902000'),('60902035','ORGANIZAÇÃO COMERCIAL DE JORNAIS','60902000'),('60902043','JORNALISMO ESPECIALIZADO (COMUNITÁRIO, RURAL, EMPRESARIAL, CIENTÍFICO)','60902000'),('60903007','RÁDIO E TELEVISÃO','60903007'),('60903015','RADIODIFUSÃO','60903007'),('60903023','VIDEODIFUSÃO','60903007'),('60904003','RELAÇÕES PÚBLICAS E PROPAGANDA','60904003'),('60905000','COMUNICAÇÃO VISUAL','60905000'),('61001007','FUNDAMENTOS DO SERVIÇO SOCIAL','61001007'),('61002003','SERVIÇO SOCIAL APLICADO','61002003'),('61002011','SERVIÇO SOCIAL DO TRABALHO','61002003'),('61002020','SERVIÇO SOCIAL DA EDUCAÇÃO','61002003'),('61002038','SERVIÇO SOCIAL DO MENOR','61002003'),('61002046','SERVIÇO SOCIAL DA SAÚDE','61002003'),('61002054','SERVIÇO SOCIAL DA HABITAÇÃO','61002003'),('61201006','PROGRAMAÇÃO VISUAL','61201006'),('61202002','DESENHO DE PRODUTO','61202002'),('66666666','TESTE SUB','66666666'),('70101000','HISTÓRIA DA FILOSOFIA','70101000'),('70102007','METAFÍSICA','70102007'),('70103003','LÓGICA','70103003'),('70104000','ÉTICA','70104000'),('70105006','EPISTEMOLOGIA','70105006'),('70106002','FILOSOFIA BRASILEIRA','70106002'),('70107009','ESTÉTICA E FILOSOFIA DA ARTE','70107009'),('70201005','FUNDAMENTOS DA SOCIOLOGIA','70201005'),('70201013','TEORIA SOCIOLÓGICA','70201005'),('70201021','HISTÓRIA DA SOCIOLOGIA','70201005'),('70202001','SOCIOLOGIA DO CONHECIMENTO','70202001'),('70203008','SOCIOLOGIA DO DESENVOLVIMENTO','70203008'),('70204004','SOCIOLOGIA URBANA','70204004'),('70205000','SOCIOLOGIA RURAL','70205000'),('70206007','SOCIOLOGIA DA SAÚDE','70206007'),('70207003','OUTRAS SOCIOLOGIAS ESPECÍFICAS','70207003'),('70301000','TEORIA ANTROPOLÓGICA','70301000'),('70302006','ETNOLOGIA INDÍGENA','70302006'),('70303002','ANTROPOLOGIA URBANA','70303002'),('70304009','ANTROPOLOGIA RURAL','70304009'),('70305005','ANTROPOLOGIA DAS POPULAÇÕES AFRO-BRASILEIRAS','70305005'),('70401004','TEORIA E MÉTODO EM ARQUEOLOGIA','70401004'),('70402000','ARQUEOLOGIA PRÉ-HISTÓRICA','70402000'),('70403007','ARQUEOLOGIA HISTÓRICA','70403007'),('70501009','TEORIA E FILOSOFIA DA HISTÓRIA','70501009'),('70502005','HISTÓRIA ANTIGA E MEDIEVAL','70502005'),('70503001','HISTÓRIA MODERNA E CONTEMPORÂNEA','70503001'),('70504008','HISTÓRIA DA AMÉRICA','70504008'),('70504016','HISTÓRIA DOS ESTADOS UNIDOS','70504008'),('70504024','HISTÓRIA LATINO-AMERICANA','70504008'),('70505004','HISTÓRIA DO BRASIL','70505004'),('70505012','HISTÓRIA DO BRASIL COLÔNIA','70505004'),('70505020','HISTÓRIA DO BRASIL IMPÉRIO','70505004'),('70505039','HISTÓRIA DO BRASIL REPÚBLICA','70505004'),('70505047','HISTÓRIA REGIONAL DO BRASIL','70505004'),('70506000','HISTÓRIA DAS CIÊNCIAS','70506000'),('70601003','GEOGRAFIA HUMANA','70601003'),('70601011','GEOGRAFIA DA POPULAÇÃO','70601003'),('70601020','GEOGRAFIA AGRÁRIA','70601003'),('70601038','GEOGRAFIA URBANA','70601003'),('70601046','GEOGRAFIA ECONÔMICA','70601003'),('70601054','GEOGRAFIA POLÍTICA','70601003'),('70602000','GEOGRAFIA REGIONAL','70602000'),('70602018','TEORIA DO DESENVOLVIMENTO REGIONAL','70602000'),('70602026','REGIONALIZAÇÃO','70602000'),('70602034','ANÁLISE REGIONAL','70602000'),('70701008','FUNDAMENTOS E MEDIDAS DA PSICOLOGIA','70701008'),('70701016','HISTÓRIA, TEORIAS E SISTEMAS EM PSICOLOGIA','70701008'),('70701024','METODOLOGIA, INSTRUMENTAÇÃO E EQUIPAMENTO EM PSICOLOGIA','70701008'),('70701032','CONSTRUÇÃO E VALIDADE DE TESTES, ESCALAS E OUTRAS MEDIDAS PSICOLÓGICAS','70701008'),('70701040','TÉCNICAS DE PROCESSAMENTO ESTATÍSTICO, MATEMÁTICO E COMPUTACIONAL EM PSICOLOGIA','70701008'),('70702004','PSICOLOGIA EXPERIMENTAL','70702004'),('70702012','PROCESSOS PERCEPTUAIS E MOTORES','70702004'),('70702020','PROCESSOS DE APRENDIZAGEM, MEMÓRIA E MOTIVAÇÃO','70702004'),('70702039','PROCESSOS COGNITIVOS E ATENCIONAIS','70702004'),('70702047','ESTADOS SUBJETIVOS E EMOÇÃO','70702004'),('70703000','PSICOLOGIA FISIOLÓGICA','70703000'),('70703019','NEUROLOGIA, ELETROFISIOLOGIA E COMPORTAMENTO','70703000'),('70703027','PROCESSOS PSICO-FISIOLÓGICOS','70703000'),('70703035','ESTIMULAÇÃO ELÉTRICA E COM DROGAS; COMPORTAMENTO','70703000'),('70703043','PSICOBIOLOGIA','70703000'),('70704007','PSICOLOGIA COMPARATIVA','70704007'),('70704015','ESTUDOS NATURALÍSTICOS DO COMPORTAMENTO ANIMAL','70704007'),('70704023','MECANISMOS INSTINTIVOS E PROCESSOS SOCIAIS EM ANIMAIS','70704007'),('70705003','PSICOLOGIA SOCIAL','70705003'),('70705011','RELAÇÕES INTERPESSOAIS','70705003'),('70705020','PROCESSOS GRUPAIS E DE COMUNICAÇÃO','70705003'),('70705038','PAPÉIS E ESTRUTURAS SOCIAIS; INDIVÍDUO','70705003'),('70706000','PSICOLOGIA COGNITIVA','70706000'),('70707006','PSICOLOGIA DO DESENVOLVIMENTO HUMANO','70707006'),('70707014','PROCESSOS PERCEPTUAIS E COGNITIVOS; DESENVOLVIMENTO','70707006'),('70707022','DESENVOLVIMENTO SOCIAL E DA PERSONALIDADE','70707006'),('70708002','PSICOLOGIA DO ENSINO E DA APRENDIZAGEM','70708002'),('70708010','PLANEJAMENTO INSTITUCIONAL','70708002'),('70708029','PROGRAMAÇÃO DE CONDIÇÕES DE ENSINO','70708002'),('70708037','TREINAMENTO DE PESSOAL','70708002'),('70708045','APRENDIZAGEM E DESEMPENHO ACADÊMICOS','70708002'),('70708053','ENSINO E APRENDIZAGEM NA SALA DE AULA','70708002'),('70709009','PSICOLOGIA DO TRABALHO E ORGANIZACIONAL','70709009'),('70709017','ANÁLISE INSTITUCIONAL','70709009'),('70709025','RECRUTAMENTO E SELEÇÃO DE PESSOAL','70709009'),('70709033','TREINAMENTO E AVALIAÇÃO','70709009'),('70709041','FATORES HUMANOS NO TRABALHO','70709009'),('70709050','PLANEJAMENTO AMBIENTAL E COMPORTAMENTO HUMANO','70709009'),('70710007','TRATAMENTO E PREVENÇÃO PSICOLÓGICA','70710007'),('70710015','INTERVENÇÃO TERAPÊUTICA','70710007'),('70710023','PROGRAMAS DE ATENDIMENTO COMUNITÁRIO','70710007'),('70710031','TREINAMENTO E REABILITAÇÃO','70710007'),('70710040','DESVIOS DA CONDUTA','70710007'),('70710058','DISTÚRBIOS DA LINGUAGEM','70710007'),('70710066','DISTÚRBIOS PSICOSSOMÁTICOS','70710007'),('70801002','FUNDAMENTOS DA EDUCAÇÃO','70801002'),('70801010','FILOSOFIA DA EDUCAÇÃO','70801002'),('70801029','HISTÓRIA DA EDUCAÇÃO','70801002'),('70801037','SOCIOLOGIA DA EDUCAÇÃO','70801002'),('70801045','ANTROPOLOGIA EDUCACIONAL','70801002'),('70801053','ECONOMIA DA EDUCAÇÃO','70801002'),('70801061','PSICOLOGIA EDUCACIONAL','70801002'),('70802009','ADMINISTRAÇÃO EDUCACIONAL','70802009'),('70802017','ADMINISTRAÇÃO DE SISTEMAS EDUCACIONAIS','70802009'),('70802025','ADMINISTRAÇÃO DE UNIDADES EDUCATIVAS','70802009'),('70803005','PLANEJAMENTO E AVALIAÇÃO EDUCACIONAL','70803005'),('70803013','POLÍTICA EDUCACIONAL','70803005'),('70803021','PLANEJAMENTO EDUCACIONAL','70803005'),('70803030','AVALIAÇÃO DE SISTEMAS, INSTITUIÇÕES, PLANOS E PROGRAMAS EDUCACIONAIS','70803005'),('70804001','ENSINO-APRENDIZAGEM','70804001'),('70804010','TEORIAS DA INSTRUÇÃO','70804001'),('70804028','MÉTODOS E TÉCNICAS DE ENSINO','70804001'),('70804036','TECNOLOGIA EDUCACIONAL','70804001'),('70804044','AVALIAÇÃO DA APRENDIZAGEM','70804001'),('70805008','CURRÍCULO','70805008'),('70805016','TEORIA GERAL DE PLANEJAMENTO E DESENVOLVIMENTO CURRICULAR','70805008'),('70805024','CURRÍCULOS ESPECÍFICOS PARA NÍVEIS E TIPOS DE EDUCAÇÃO','70805008'),('70806004','ORIENTAÇÃO E ACONSELHAMENTO','70806004'),('70806012','ORIENTAÇÃO EDUCACIONAL','70806004'),('70806020','ORIENTAÇÃO VOCACIONAL','70806004'),('70807000','TÓPICOS ESPECÍFICOS DE EDUCAÇÃO','70807000'),('70807019','EDUCAÇÃO DE ADULTOS','70807000'),('70807027','EDUCAÇÃO PERMANENTE','70807000'),('70807035','EDUCAÇÃO RURAL','70807000'),('70807043','EDUCAÇÃO EM PERIFERIAS URBANAS','70807000'),('70807051','EDUCAÇÃO ESPECIAL','70807000'),('70807060','EDUCAÇÃO PRÉ-ESCOLAR','70807000'),('70807078','ENSINO PROFISSIONALIZANTE','70807000'),('70901007','TEORIA POLÍTICA','70901007'),('70901015','TEORIA POLÍTICA CLÁSSICA','70901007'),('70901023','TEORIA POLÍTICA MEDIEVAL','70901007'),('70901031','TEORIA POLÍTICA MODERNA','70901007'),('70901040','TEORIA POLÍTICA CONTEMPORÂNEA','70901007'),('70902003','ESTADO E GOVERNO','70902003'),('70902011','ESTRUTURA E TRANSFORMAÇÃO DO ESTADO','70902003'),('70902020','SISTEMAS GOVERNAMENTAIS COMPARADOS','70902003'),('70902038','RELAÇÕES INTERGOVERNAMENTAIS','70902003'),('70902046','ESTUDOS DO PODER LOCAL','70902003'),('70902054','INSTITUIÇÕES GOVERNAMENTAIS ESPECÍFICAS','70902003'),('70903000','COMPORTAMENTO POLÍTICO','70903000'),('70903018','ESTUDOS ELEITORAIS E PARTIDOS POLÍTICOS','70903000'),('70903026','ATITUDE E IDEOLOGIAS POLÍTICAS','70903000'),('70903034','CONFLITOS E COALIZÕES POLÍTICAS','70903000'),('70903042','COMPORTAMENTO LEGISLATIVO','70903000'),('70903050','CLASSES SOCIAIS E GRUPOS DE INTERESSE','70903000'),('70904006','POLÍTICAS PÚBLICAS','70904006'),('70904014','ANÁLISE DO PROCESSO DECISÓRIO','70904006'),('70904022','ANÁLISE INSTITUCIONAL','70904006'),('70904030','TÉCNICAS DE ANTECIPAÇÃO','70904006'),('70905002','POLÍTICA INTERNACIONAL','70905002'),('70905010','POLÍTICA EXTERNA DO BRASIL','70905002'),('70905029','ORGANIZAÇÕES INTERNACIONAIS','70905002'),('70905037','INTEGRAÇÃO INTERNACIONAL, CONFLITO, GUERRA E PAZ','70905002'),('70905045','RELAÇÕES INTERNACIONAIS, BILATERAIS E MULTILATERAIS','70905002'),('71001000','HISTÓRIA DAS TEOLOGIAS E RELIGIÕES','71001000'),('71004009','TEOLOGIA PRÁTICA','71004009'),('71005005','TEOLOGIA FUNDAMENTAL SISTEMÁTICA','71005005'),('71006001','CIÊNCIAS DA RELIGIÃO APLICADA','71006001'),('71007008','CIÊNCIAS DA LINGUAGEM RELIGIOSA','71007008'),('71008004','CIÊNCIAS EMPÍRICAS DA RELIGIÃO','71008004'),('71009000','EPISTEMOLOGIA DAS CIÊNCIAS DA RELIGIÃO','71009000'),('71010009','TRADIÇÕES E ESCRITURAS SAGRADAS','71010009'),('80101003','TEORIA E ANÁLISE LINGÜÍSTICA','80101003'),('80102000','FILOSOFIA DA LINGUAGEM','80102000'),('80103006','LINGÜÍSTICA HISTÓRICA','80103006'),('80104002','SOCIOLINGÜÍSTICA E DIALETOLOGIA','80104002'),('80105009','PSICOLINGÜÍSTICA','80105009'),('80106005','LINGÜÍSTICA APLICADA','80106005'),('80201008','LÍNGUA PORTUGUESA','80201008'),('80202004','LÍNGUAS ESTRANGEIRAS MODERNAS','80202004'),('80203000','LÍNGUAS CLÁSSICAS','80203000'),('80204007','LÍNGUAS INDÍGENAS','80204007'),('80205003','TEORIA LITERÁRIA','80205003'),('80206000','LITERATURA BRASILEIRA','80206000'),('80207006','OUTRAS LITERATURAS VERNÁCULAS','80207006'),('80208002','LITERATURAS ESTRANGEIRAS MODERNAS','80208002'),('80209009','LITERATURAS CLÁSSICAS','80209009'),('80210007','LITERATURA COMPARADA','80210007'),('80301002','FUNDAMENTOS E CRÍTICA DAS ARTES','80301002'),('80301010','TEORIA DA ARTE','80301002'),('80301029','HISTÓRIA DA ARTE','80301002'),('80301037','CRÍTICA DA ARTE','80301002'),('80302009','ARTES PLÁSTICAS','80302009'),('80302017','PINTURA','80302009'),('80302025','DESENHO','80302009'),('80302033','GRAVURA','80302009'),('80302041','ESCULTURA','80302009'),('80302050','CERÂMICA','80302009'),('80302068','TECELAGEM','80302009'),('80303005','MÚSICA','80303005'),('80303013','REGÊNCIA','80303005'),('80303021','INSTRUMENTAÇÃO MUSICAL','80303005'),('80303030','COMPOSIÇÃO MUSICAL','80303005'),('80303048','CANTO','80303005'),('80304001','DANÇA','80304001'),('80304010','EXECUÇÃO DA DANÇA','80304001'),('80304028','COREOGRAFIA','80304001'),('80305008','TEATRO','80305008'),('80305016','DRAMATURGIA','80305008'),('80305024','DIREÇÃO TEATRAL','80305008'),('80305032','CENOGRAFIA','80305008'),('80305040','INTERPRETAÇÃO TEATRAL','80305008'),('80306004','ÓPERA','80306004'),('80307000','FOTOGRAFIA','80307000'),('80308007','CINEMA','80308007'),('80308015','ADMINISTRAÇÃO E PRODUÇÃO DE FILMES','80308007'),('80308023','ROTEIRO E DIREÇÃO CINEMATOGRÁFICOS','80308007'),('80308031','TÉCNICAS DE REGISTRO E PROCESSAMENTO DE FILMES','80308007'),('80308040','INTERPRETAÇÃO CINEMATOGRÁFICA','80308007'),('80309003','ARTES DO VÍDEO','80309003'),('80310001','EDUCAÇÃO ARTÍSTICA','80310001');
/*!40000 ALTER TABLE `tbllinha_pesquisa` ENABLE KEYS */;
UNLOCK TABLES;

--
-- Table structure for table `tblpermissao`
--

DROP TABLE IF EXISTS `tblpermissao`;
/*!40101 SET @saved_cs_client     = @@character_set_client */;
/*!40101 SET character_set_client = utf8 */;
CREATE TABLE `tblpermissao` (
  `id_permissao` int(11) NOT NULL AUTO_INCREMENT,
  `permissao` varchar(30) DEFAULT NULL,
  PRIMARY KEY (`id_permissao`)
) ENGINE=InnoDB DEFAULT CHARSET=latin1;
/*!40101 SET character_set_client = @saved_cs_client */;

--
-- Dumping data for table `tblpermissao`
--

LOCK TABLES `tblpermissao` WRITE;
/*!40000 ALTER TABLE `tblpermissao` DISABLE KEYS */;
/*!40000 ALTER TABLE `tblpermissao` ENABLE KEYS */;
UNLOCK TABLES;

--
-- Table structure for table `tblpermissao_tipo_usuario`
--

DROP TABLE IF EXISTS `tblpermissao_tipo_usuario`;
/*!40101 SET @saved_cs_client     = @@character_set_client */;
/*!40101 SET character_set_client = utf8 */;
CREATE TABLE `tblpermissao_tipo_usuario` (
  `fk_permissao` int(11) NOT NULL,
  `fk_tipo` int(11) NOT NULL,
  PRIMARY KEY (`fk_permissao`,`fk_tipo`),
  KEY `fk_tipo` (`fk_tipo`),
  CONSTRAINT `tblpermissao_tipo_usuario_ibfk_1` FOREIGN KEY (`fk_permissao`) REFERENCES `tblpermissao` (`id_permissao`),
  CONSTRAINT `tblpermissao_tipo_usuario_ibfk_2` FOREIGN KEY (`fk_tipo`) REFERENCES `tbltipo_usuario` (`id_tipo`)
) ENGINE=InnoDB DEFAULT CHARSET=latin1;
/*!40101 SET character_set_client = @saved_cs_client */;

--
-- Dumping data for table `tblpermissao_tipo_usuario`
--

LOCK TABLES `tblpermissao_tipo_usuario` WRITE;
/*!40000 ALTER TABLE `tblpermissao_tipo_usuario` DISABLE KEYS */;
/*!40000 ALTER TABLE `tblpermissao_tipo_usuario` ENABLE KEYS */;
UNLOCK TABLES;

--
-- Table structure for table `tblprojeto_colaborador`
--

DROP TABLE IF EXISTS `tblprojeto_colaborador`;
/*!40101 SET @saved_cs_client     = @@character_set_client */;
/*!40101 SET character_set_client = utf8 */;
CREATE TABLE `tblprojeto_colaborador` (
  `fk_projeto` int(11) NOT NULL,
  `fk_docente` int(11) NOT NULL,
  PRIMARY KEY (`fk_projeto`,`fk_docente`),
  KEY `fk_docente` (`fk_docente`),
  CONSTRAINT `tblprojeto_colaborador_ibfk_1` FOREIGN KEY (`fk_projeto`) REFERENCES `tblprojeto_pesquisa` (`id_projeto`),
  CONSTRAINT `tblprojeto_colaborador_ibfk_2` FOREIGN KEY (`fk_docente`) REFERENCES `tbldocente` (`id_docente`)
) ENGINE=InnoDB DEFAULT CHARSET=latin1;
/*!40101 SET character_set_client = @saved_cs_client */;

--
-- Dumping data for table `tblprojeto_colaborador`
--

--
-- Table structure for table `tblprojeto_discente`
--

DROP TABLE IF EXISTS `tblprojeto_discente`;
/*!40101 SET @saved_cs_client     = @@character_set_client */;
/*!40101 SET character_set_client = utf8 */;
CREATE TABLE `tblprojeto_discente` (
  `fk_projeto` int(11) NOT NULL,
  `fk_discente` int(11) NOT NULL,
  `data_inicio` date NOT NULL,
  `data_fim` date DEFAULT NULL,
  PRIMARY KEY (`fk_projeto`,`fk_discente`,`data_inicio`),
  KEY `fk_discente` (`fk_discente`),
  CONSTRAINT `tblprojeto_discente_ibfk_1` FOREIGN KEY (`fk_projeto`) REFERENCES `tblprojeto_pesquisa` (`id_projeto`),
  CONSTRAINT `tblprojeto_discente_ibfk_2` FOREIGN KEY (`fk_discente`) REFERENCES `tbldiscente` (`id_discente`)
) ENGINE=InnoDB DEFAULT CHARSET=latin1;
/*!40101 SET character_set_client = @saved_cs_client */;

--
-- Dumping data for table `tblprojeto_discente`
--

--
-- Table structure for table `tblprojeto_linha_pesquisa`
--

DROP TABLE IF EXISTS `tblprojeto_linha_pesquisa`;
/*!40101 SET @saved_cs_client     = @@character_set_client */;
/*!40101 SET character_set_client = utf8 */;
CREATE TABLE `tblprojeto_linha_pesquisa` (
  `fk_projeto` int(11) NOT NULL,
  `fk_linha` varchar(100) NOT NULL,
  PRIMARY KEY (`fk_projeto`,`fk_linha`),
  KEY `fk_linha` (`fk_linha`),
  CONSTRAINT `tblprojeto_linha_pesquisa_ibfk_1` FOREIGN KEY (`fk_projeto`) REFERENCES `tblprojeto_pesquisa` (`id_projeto`),
  CONSTRAINT `tblprojeto_linha_pesquisa_ibfk_2` FOREIGN KEY (`fk_linha`) REFERENCES `tbllinha_pesquisa` (`id_linha`)
) ENGINE=InnoDB DEFAULT CHARSET=latin1;
/*!40101 SET character_set_client = @saved_cs_client */;

--
-- Dumping data for table `tblprojeto_linha_pesquisa`
--

LOCK TABLES `tblprojeto_linha_pesquisa` WRITE;
/*!40000 ALTER TABLE `tblprojeto_linha_pesquisa` DISABLE KEYS */;
/*!40000 ALTER TABLE `tblprojeto_linha_pesquisa` ENABLE KEYS */;
UNLOCK TABLES;

--
-- Table structure for table `tblprojeto_pesquisa`
--

DROP TABLE IF EXISTS `tblprojeto_pesquisa`;
/*!40101 SET @saved_cs_client     = @@character_set_client */;
/*!40101 SET character_set_client = utf8 */;
CREATE TABLE `tblprojeto_pesquisa` (
  `id_projeto` int(11) NOT NULL AUTO_INCREMENT,
  `titulo` varchar(100) NOT NULL,
  `tipo` varchar(20) NOT NULL,
  `bolsa` varchar(40) DEFAULT NULL,
  `data_inicio` date NOT NULL,
  `data_fim` date DEFAULT NULL,
  `fk_docente` int(11) DEFAULT NULL,
  `fk_grupo` int(11) DEFAULT NULL,
  `nome_bolsa` varchar(50) DEFAULT NULL,
  PRIMARY KEY (`id_projeto`),
  KEY `fk_docente` (`fk_docente`),
  KEY `fk_grupo` (`fk_grupo`),
  CONSTRAINT `tblprojeto_pesquisa_ibfk_1` FOREIGN KEY (`fk_docente`) REFERENCES `tbldocente` (`id_docente`),
  CONSTRAINT `tblprojeto_pesquisa_ibfk_2` FOREIGN KEY (`fk_grupo`) REFERENCES `tblgrupo` (`id_grupo`)
) ENGINE=InnoDB AUTO_INCREMENT=4 DEFAULT CHARSET=latin1;
/*!40101 SET character_set_client = @saved_cs_client */;

--
-- Dumping data for table `tblprojeto_pesquisa`
--

--
-- Table structure for table `tblpublicacao`
--

DROP TABLE IF EXISTS `tblpublicacao`;
/*!40101 SET @saved_cs_client     = @@character_set_client */;
/*!40101 SET character_set_client = utf8 */;
CREATE TABLE `tblpublicacao` (
  `id_publicacao` int(11) NOT NULL AUTO_INCREMENT,
  `titulo` varchar(100) NOT NULL,
  `tipo_publicacao` varchar(40) NOT NULL,
  `data_publicacao` date NOT NULL,
  `referencia_abnt` varchar(100) NOT NULL,
  `fk_grupo` int(11) NOT NULL,
  `fk_projeto` int(11) DEFAULT NULL,
  `fk_linha` varchar(10) NOT NULL,
  `fk_docente` int(11) NOT NULL,
  PRIMARY KEY (`id_publicacao`),
  KEY `fk_grupo` (`fk_grupo`),
  KEY `fk_projeto` (`fk_projeto`),
  KEY `fk_linha` (`fk_linha`),
  KEY `fk_docente` (`fk_docente`),
  CONSTRAINT `tblpublicacao_ibfk_1` FOREIGN KEY (`fk_grupo`) REFERENCES `tblgrupo` (`id_grupo`),
  CONSTRAINT `tblpublicacao_ibfk_2` FOREIGN KEY (`fk_projeto`) REFERENCES `tblprojeto_pesquisa` (`id_projeto`),
  CONSTRAINT `tblpublicacao_ibfk_3` FOREIGN KEY (`fk_linha`) REFERENCES `tbllinha_pesquisa` (`id_linha`),
  CONSTRAINT `tblpublicacao_ibfk_4` FOREIGN KEY (`fk_docente`) REFERENCES `tbldocente` (`id_docente`)
) ENGINE=InnoDB AUTO_INCREMENT=6 DEFAULT CHARSET=latin1;
/*!40101 SET character_set_client = @saved_cs_client */;

--
-- Dumping data for table `tblpublicacao`
--

--
-- Table structure for table `tblrecuperacao_senha`
--

DROP TABLE IF EXISTS `tblrecuperacao_senha`;
/*!40101 SET @saved_cs_client     = @@character_set_client */;
/*!40101 SET character_set_client = utf8 */;
CREATE TABLE `tblrecuperacao_senha` (
  `id_recuperacao` int(11) NOT NULL AUTO_INCREMENT,
  `codigo_recuperacao` varchar(68) NOT NULL,
  `ativo` char(1) NOT NULL,
  PRIMARY KEY (`id_recuperacao`)
) ENGINE=InnoDB DEFAULT CHARSET=latin1;
/*!40101 SET character_set_client = @saved_cs_client */;

--
-- Dumping data for table `tblrecuperacao_senha`
--

LOCK TABLES `tblrecuperacao_senha` WRITE;
/*!40000 ALTER TABLE `tblrecuperacao_senha` DISABLE KEYS */;
/*!40000 ALTER TABLE `tblrecuperacao_senha` ENABLE KEYS */;
UNLOCK TABLES;

--
-- Table structure for table `tblrecuperacao_senha_usuario`
--

DROP TABLE IF EXISTS `tblrecuperacao_senha_usuario`;
/*!40101 SET @saved_cs_client     = @@character_set_client */;
/*!40101 SET character_set_client = utf8 */;
CREATE TABLE `tblrecuperacao_senha_usuario` (
  `fk_recuperacao` int(11) NOT NULL,
  `fk_usuario` varchar(15) NOT NULL,
  `data_hora_alteracao` datetime NOT NULL,
  PRIMARY KEY (`fk_recuperacao`,`fk_usuario`),
  KEY `fk_usuario` (`fk_usuario`),
  CONSTRAINT `tblrecuperacao_senha_usuario_ibfk_1` FOREIGN KEY (`fk_recuperacao`) REFERENCES `tblrecuperacao_senha` (`id_recuperacao`),
  CONSTRAINT `tblrecuperacao_senha_usuario_ibfk_2` FOREIGN KEY (`fk_usuario`) REFERENCES `tblusuario` (`login`)
) ENGINE=InnoDB DEFAULT CHARSET=latin1;
/*!40101 SET character_set_client = @saved_cs_client */;

--
-- Dumping data for table `tblrecuperacao_senha_usuario`
--

LOCK TABLES `tblrecuperacao_senha_usuario` WRITE;
/*!40000 ALTER TABLE `tblrecuperacao_senha_usuario` DISABLE KEYS */;
/*!40000 ALTER TABLE `tblrecuperacao_senha_usuario` ENABLE KEYS */;
UNLOCK TABLES;

--
-- Table structure for table `tblsituacao`
--

DROP TABLE IF EXISTS `tblsituacao`;
/*!40101 SET @saved_cs_client     = @@character_set_client */;
/*!40101 SET character_set_client = utf8 */;
CREATE TABLE `tblsituacao` (
  `id_situacao` int(11) NOT NULL AUTO_INCREMENT,
  `situacao` varchar(20) DEFAULT NULL,
  PRIMARY KEY (`id_situacao`)
) ENGINE=InnoDB AUTO_INCREMENT=4 DEFAULT CHARSET=latin1;
/*!40101 SET character_set_client = @saved_cs_client */;

--
-- Dumping data for table `tblsituacao`
--

LOCK TABLES `tblsituacao` WRITE;
/*!40000 ALTER TABLE `tblsituacao` DISABLE KEYS */;
INSERT INTO `tblsituacao` VALUES (1,'Ativo'),(2,'Inativo'),(3,'Aguardando Lider');
/*!40000 ALTER TABLE `tblsituacao` ENABLE KEYS */;
UNLOCK TABLES;

--
-- Table structure for table `tblstatus_usuario`
--

DROP TABLE IF EXISTS `tblstatus_usuario`;
/*!40101 SET @saved_cs_client     = @@character_set_client */;
/*!40101 SET character_set_client = utf8 */;
CREATE TABLE `tblstatus_usuario` (
  `id_status` int(11) NOT NULL AUTO_INCREMENT,
  `status` varchar(15) NOT NULL,
  PRIMARY KEY (`id_status`)
) ENGINE=InnoDB AUTO_INCREMENT=4 DEFAULT CHARSET=latin1;
/*!40101 SET character_set_client = @saved_cs_client */;

--
-- Dumping data for table `tblstatus_usuario`
--

LOCK TABLES `tblstatus_usuario` WRITE;
/*!40000 ALTER TABLE `tblstatus_usuario` DISABLE KEYS */;
INSERT INTO `tblstatus_usuario` VALUES (1,'Ativo'),(2,'Bloqueado'),(3,'Desativado');
/*!40000 ALTER TABLE `tblstatus_usuario` ENABLE KEYS */;
UNLOCK TABLES;

--
-- Table structure for table `tblsub_area_avaliacao`
--

DROP TABLE IF EXISTS `tblsub_area_avaliacao`;
/*!40101 SET @saved_cs_client     = @@character_set_client */;
/*!40101 SET character_set_client = utf8 */;
CREATE TABLE `tblsub_area_avaliacao` (
  `id_sub` varchar(10) NOT NULL,
  `nome_sub` varchar(100) NOT NULL,
  `fk_ava` varchar(10) DEFAULT NULL,
  PRIMARY KEY (`id_sub`),
  KEY `fk_ava` (`fk_ava`),
  CONSTRAINT `tblsub_area_avaliacao_ibfk_1` FOREIGN KEY (`fk_ava`) REFERENCES `tblarea_avaliacao` (`id_ava`)
) ENGINE=InnoDB DEFAULT CHARSET=latin1;
/*!40101 SET character_set_client = @saved_cs_client */;

--
-- Dumping data for table `tblsub_area_avaliacao`
--

LOCK TABLES `tblsub_area_avaliacao` WRITE;
/*!40000 ALTER TABLE `tblsub_area_avaliacao` DISABLE KEYS */;
INSERT INTO `tblsub_area_avaliacao` VALUES ('10102000','ANÁLISE','10100008'),('10103007','GEOMETRIA E TOPOLOGIA','10100008'),('10104003','MATEMÁTICA APLICADA','10100008'),('10201009','PROBABILIDADE','10200002'),('10201021','TESTE','70100004'),('10202005','ESTATÍSTICA','10200002'),('10203001','PROBABILIDADE E ESTATÍSTICA APLICADAS','10200002'),('10301003','TEORIA DA COMPUTAÇÃO','10300007'),('10302000','MATEMÁTICA DA COMPUTAÇÃO','10300007'),('10303006','METODOLOGIA E TÉCNICAS DA COMPUTAÇÃO','10300007'),('10304002','SISTEMAS DE COMPUTAÇÃO','10300007'),('10401008','ASTRONOMIA DE POSIÇÃO E MECÂNICA CELESTE','10400001'),('10402004','ASTROFÍSICA ESTELAR','10400001'),('10403000','ASTROFÍSICA DO MEIO INTERESTELAR','10400001'),('10404007','ASTROFÍSICA EXTRAGALACTICA','10400001'),('10405003','ASTROFÍSICA DO SISTEMA SOLAR','10400001'),('10406000','INSTRUMENTAÇÃO ASTRONÔMICA','10400001'),('10501002','FÍSICA GERAL','10500006'),('10502009','ÁREAS CLÁSSICAS DE FENOMENOLOGIA E SUAS APLICAÇÕES','10500006'),('10503005','FÍSICA DAS PARTÍCULAS ELEMENTARES E CAMPOS','10500006'),('10504001','FÍSICA NUCLEAR','10500006'),('10505008','FÍSICA ATÔMICA E MOLECULAR','10500006'),('10506004','FÍSICA DOS FLUÍDOS, FÍSICA DE PLASMAS E DESCARGAS ELÉTRICAS','10500006'),('10507000','FÍSICA DA MATÉRIA CONDENSADA','10500006'),('10601007','QUÍMICA ORGÂNICA','10600000'),('10602003','QUÍMICA INORGÂNICA','10600000'),('10603000','FÍSICO-QUÍMICA','10600000'),('10604006','QUÍMICA ANALÍTICA','10600000'),('10701001','GEOLOGIA','10700005'),('10703004','METEOROLOGIA','10700005'),('10704000','GEODÉSIA','10700005'),('10705007','GEOGRAFIA FÍSICA','10700005'),('10801006','OCEANOGRAFIA BIOLÓGICA','10800000'),('10802002','OCEANOGRAFIA FÍSICA','10800000'),('10803009','OCEANOGRAFIA QUÍMICA','10800000'),('10804005','OCEANOGRAFIA GEOLÓGICA','10800000'),('20201001','GENÉTICA QUANTITATIVA','20200005'),('20202008','GENÉTICA MOLECULAR E DE MICROORGANISMOS','20200005'),('20203004','GENÉTICA VEGETAL','20200005'),('20204000','GENÉTICA ANIMAL','20200005'),('20205007','GENÉTICA HUMANA E MÉDICA','20200005'),('20206003','MUTAGENESE','20200005'),('20301006','PALEOBOTÂNICA','20300000'),('20302002','MORFOLOGIA VEGETAL','20300000'),('20303009','FISIOLOGIA VEGETAL','20300000'),('20304005','TAXONOMIA VEGETAL','20300000'),('20305001','FITOGEOGRAFIA','20300000'),('20306008','BOTÂNICA APLICADA','20300000'),('20401000','PALEOZOOLOGIA','20400004'),('20402007','MORFOLOGIA DOS GRUPOS RECENTES','20400004'),('20403003','FISIOLOGIA DOS GRUPOS RECENTES','20400004'),('20404000','COMPORTAMENTO ANIMAL','20400004'),('20405006','TAXONOMIA DOS GRUPOS RECENTES','20400004'),('20406002','ZOOLOGIA APLICADA','20400004'),('20501005','ECOLOGIA TEÓRICA','20500009'),('20502001','ECOLOGIA DE ECOSSISTEMAS','20500009'),('20503008','ECOLOGIA APLICADA','20500009'),('20601000','CITOLOGIA E BIOLOGIA CELULAR','20600003'),('20602006','EMBRIOLOGIA','20600003'),('20603002','HISTOLOGIA','20600003'),('20604009','ANATOMIA','20600003'),('20701004','FISIOLOGIA GERAL','20700008'),('20702000','FISIOLOGIA DE ÓRGÃOS E SISTEMAS','20700008'),('20703007','FISIOLOGIA DO ESFORÇO','20700008'),('20704003','FISIOLOGIA COMPARADA','20700008'),('20801009','QUÍMICA DE MACROMOLÉCULAS','20800002'),('20802005','BIOQUÍMICA DOS MICROORGANISMOS','20800002'),('20803001','METABOLISMO E BIOENERGÉTICA','20800002'),('20804008','BIOLOGIA MOLECULAR','20800002'),('20805004','ENZIMOLOGIA','20800002'),('20901003','BIOFÍSICA MOLECULAR','20900007'),('20902000','BIOFÍSICA CELULAR','20900007'),('20903006','BIOFÍSICA DE PROCESSOS E SISTEMAS','20900007'),('20904002','RADIOLOGIA E FOTOBIOLOGIA','20900007'),('21001006','FARMACOLOGIA GERAL','21000000'),('21002002','FARMACOLOGIA AUTONÔMICA','21000000'),('21003009','NEUROPSICOFARMACOLOGIA','21000000'),('21004005','FARMACOLOGIA CARDIORENAL','21000000'),('21005001','FARMACOLOGIA BIOQUÍMICA E MOLECULAR','21000000'),('21006008','ETNOFARMACOLOGIA','21000000'),('21007004','TOXICOLOGIA','21000000'),('21008000','FARMACOLOGIA CLÍNICA','21000000'),('21101000','IMUNOQUÍMICA','21100004'),('21102007','IMUNOLOGIA CELULAR','21100004'),('21103003','IMUNOGENÉTICA','21100004'),('21104000','IMUNOLOGIA APLICADA','21100004'),('21201005','BIOLOGIA E FISIOLOGIA DOS MICROORGANISMOS','21200009'),('21202001','MICROBIOLOGIA APLICADA','21200009'),('21301000','PROTOZOOLOGIA DE PARASITOS','21300003'),('21302006','HELMINTOLOGIA DE PARASITOS','21300003'),('21303002','ENTOMOLOGIA E MALACOLOGIA DE PARASITOS E VETORES','21300003'),('21401004','BIOTECNOLOGIA EM SAÚDE HUMANA E ANIMAL','21400008'),('21402000','BIOTECNOLOGIA INDUSTRIAL','21400008'),('21403007','BIOTECNOLOGIA VEGETAL','21400008'),('21404003','BIOTECNOLOGIA AMBIENTAL E RECURSOS NATURAIS','21400008'),('30101000','CONSTRUÇÃO CIVIL','30100003'),('30102006','ESTRUTURAS','30100003'),('30103002','GEOTÉCNICA','30100003'),('30104009','ENGENHARIA HIDRÁULICA','30100003'),('30105005','INFRA-ESTRUTURA DE TRANSPORTES','30100003'),('30201004','PESQUISA MINERAL','30200008'),('30202000','LAVRA','30200008'),('30203007','TRATAMENTO DE MINÉRIOS','30200008'),('30301009','INSTALAÇÕES E EQUIPAMENTOS METALÚRGICOS','30300002'),('30302005','METALURGIA EXTRATIVA','30300002'),('30303001','METALURGIA DE TRANSFORMAÇÃO','30300002'),('30304008','METALURGIA FÍSICA','30300002'),('30305004','MATERIAIS NÃO-METÁLICOS','30300002'),('30401003','MATERIAIS ELÉTRICOS','30400007'),('30402000','MEDIDAS ELÉTRICAS, MAGNÉTICAS E ELETRÔNICAS; INSTRUMENTAÇÃO','30400007'),('30403006','CIRCUITOS ELÉTRICOS, MAGNÉTICOS E ELETRÔNICOS','30400007'),('30404002','SISTEMAS ELÉTRICOS DE POTÊNCIA','30400007'),('30405009','ELETRÔNICA INDUSTRIAL, SISTEMAS E CONTROLES ELETRÔNICOS','30400007'),('30406005','TELECOMUNICAÇÕES','30400007'),('30501008','FENÔMENOS DE TRANSPORTE','30500001'),('30502004','ENGENHARIA TÉRMICA','30500001'),('30503000','MECÂNICA DOS SÓLIDOS','30500001'),('30504007','PROJETOS DE MÁQUINAS','30500001'),('30505003','PROCESSOS DE FABRICAÇÃO','30500001'),('30601002','PROCESSOS INDUSTRIAIS DE ENGENHARIA QUÍMICA','30600006'),('30602009','OPERAÇÕES INDUSTRIAIS E EQUIPAMENTOS PARA ENGENHARIA QUÍMICA','30600006'),('30603005','TECNOLOGIA QUÍMICA','30600006'),('30701007','RECURSOS HÍDRICOS','30700000'),('30702003','TRATAMENTO DE ÁGUAS DE ABASTECIMENTO E RESIDUÁRIAS','30700000'),('30703000','SANEAMENTO BÁSICO','30700000'),('30704006','SANEAMENTO AMBIENTAL','30700000'),('30801001','GERÊNCIA DE PRODUÇÃO','30800005'),('30802008','PESQUISA OPERACIONAL','30800005'),('30803004','ENGENHARIA DO PRODUTO','30800005'),('30804000','ENGENHARIA ECONÔMICA','30800005'),('30901006','APLICAÇÕES DE RADIOISÓTOPOS','30900000'),('30902002','FUSÃO CONTROLADA','30900000'),('30903009','COMBUSTÍVEL NUCLEAR','30900000'),('30904005','TECNOLOGIA DOS REATORES','30900000'),('31001009','PLANEJAMENTO DE TRANSPORTES','31000002'),('31002005','VEÍCULOS E EQUIPAMENTOS DE CONTROLE','31000002'),('31003001','OPERAÇÕES DE TRANSPORTES','31000002'),('31101003','HIDRODINÂMICA DE NAVIOS E SISTEMAS OCEÂNICOS','31100007'),('31102000','ESTRUTURAS NAVAIS E OCEÂNICAS','31100007'),('31103006','MÁQUINAS MARÍTIMAS','31100007'),('31104002','PROJETO DE NAVIOS E DE SISTEMAS OCEÂNICOS','31100007'),('31105009','TECNOLOGIA DE CONSTRUÇÃO NAVAL E DE SISTEMAS OCEÂNICOS','31100007'),('31201008','AERODINÂMICA','31200001'),('31202004','DINÂMICA DE VÔO','31200001'),('31203000','ESTRUTURAS AEROESPACIAIS','31200001'),('31204007','MATERIAIS E PROCESSOS PARA ENGENHARIA AERONÁUTICA E AEROESPACIAL','31200001'),('31205003','PROPULSÃO AEROESPACIAL','31200001'),('31206000','SISTEMAS AEROESPACIAIS','31200001'),('31301002','BIOENGENHARIA','31300006'),('31302009','ENGENHARIA MÉDICA','31300006'),('31401007','PLANEJAMENTO ENERGÉTICO','31400000'),('31402003','FONTES RENOVÁVEIS DE ENERGIA','31400000'),('40101002','CLÍNICA MÉDICA','40100006'),('40102009','CIRURGIA','40100006'),('40103005','SAÚDE MATERNO-INFANTIL','40100006'),('40104001','PSIQUIATRIA','40100006'),('40105008','ANATOMIA PATOLÓGICA E PATOLOGIA CLÍNICA','40100006'),('40106004','RADIOLOGIA MÉDICA','40100006'),('40107000','MEDICINA LEGAL E DEONTOLOGIA','40100006'),('40201007','CLÍNICA ODONTOLÓGICA','40200000'),('40202003','CIRURGIA BUCO-MAXILO-FACIAL','40200000'),('40203000','ORTODONTIA','40200000'),('40204006','ODONTOPEDIATRIA','40200000'),('40205002','PERIODONTIA','40200000'),('40206009','ENDODONTIA','40200000'),('40207005','RADIOLOGIA ODONTOLÓGICA','40200000'),('40208001','ODONTOLOGIA SOCIAL E PREVENTIVA','40200000'),('40209008','MATERIAIS ODONTOLÓGICOS','40200000'),('40301001','FARMACOTÉCNICA E TECNOLOGIA FARMACÊUTICA','40300005'),('40302008','FARMACOGNOSIA','40300005'),('40303004','AVALIAÇÃO E ANALISES TOXICOLÓGICAS','40300005'),('40304000','GARANTIA E CONTROLE DE QUALIDADE FARMACÊUTICOS','40300005'),('40306003','FISIOPATOLOGIA E DIAGNÓSTICO LABORATORIAL','40300005'),('40307000','FARMÁCIA CLÍNICA, ASSISTÊNCIA E ATENÇÃO FARMACÊUTICAS','40300005'),('40308006','QUÍMICA FARMACÊUTICA MEDICINAL','40300005'),('40401006','ENFERMAGEM EM SAÚDE DO ADULTO E DO IDOSO','40400000'),('40402002','ENFERMAGEM EM SAÚDE DA MULHER','40400000'),('40403009','ENFERMAGEM EM SAÚDE DA CRIANÇA E DO ADOLESCENTE','40400000'),('40404005','ENFERMAGEM EM SAÚDE MENTAL','40400000'),('40405001','ENFERMAGEM EM DOENÇAS EMERGENTES, REEMERGENTES E NEGLIGENCIADAS','40400000'),('40406008','ENFERMAGEM EM SAÚDE COLETIVA','40400000'),('40407004','ENFERMAGEM FUNDAMENTAL','40400000'),('40408000','ENFERMAGEM NA GESTÃO E GERENCIAMENTO','40400000'),('40501000','BIOQUÍMICA DA NUTRIÇÃO','40500004'),('40502007','DIETÉTICA','40500004'),('40503003','ANÁLISE NUTRICIONAL DE POPULAÇÃO','40500004'),('40504000','DESNUTRIÇÃO E DESENVOLVIMENTO FISIOLÓGICO','40500004'),('40601005','EPIDEMIOLOGIA','40600009'),('40602001','SAÚDE PÚBLICA','40600009'),('40603008','MEDICINA PREVENTIVA','40600009'),('50101005','CIÊNCIA DO SOLO','50100009'),('50102001','FITOSSANIDADE','50100009'),('50103008','FITOTECNIA','50100009'),('50104004','FLORICULTURA, PARQUES E JARDINS','50100009'),('50105000','AGROMETEOROLOGIA','50100009'),('50106007','EXTENSÃO RURAL','50100009'),('50201000','SILVICULTURA','50200003'),('50202006','MANEJO FLORESTAL','50200003'),('50203002','TÉCNICAS E OPERAÇÕES FLORESTAIS','50200003'),('50204009','TECNOLOGIA E UTILIZAÇÃO DE PRODUTOS FLORESTAIS','50200003'),('50205005','CONSERVAÇÃO DA NATUREZA','50200003'),('50206001','ENERGIA DE BIOMASSA FLORESTAL','50200003'),('50301004','MÁQUINAS E IMPLEMENTOS AGRÍCOLAS','50300008'),('50302000','ENGENHARIA DE ÁGUA E SOLO','50300008'),('50303007','ENGENHARIA DE PROCESSAMENTO DE PRODUTOS AGRÍCOLAS','50300008'),('50304003','CONSTRUÇÕES RURAIS E AMBIÊNCIA','50300008'),('50305000','ENERGIZAÇÃO RURAL','50300008'),('50401009','ECOLOGIA DOS ANIMAIS DOMÉSTICOS E ETOLOGIA','50400002'),('50402005','GENÉTICA E MELHORAMENTO DOS ANIMAIS DOMÉSTICOS','50400002'),('50403001','NUTRIÇÃO E ALIMENTAÇÃO ANIMAL','50400002'),('50404008','PASTAGEM E FORRAGICULTURA','50400002'),('50405004','PRODUÇÃO ANIMAL','50400002'),('50501003','CLÍNICA E CIRURGIA ANIMAL','50500007'),('50502000','MEDICINA VETERINÁRIA PREVENTIVA','50500007'),('50503006','PATOLOGIA ANIMAL','50500007'),('50504002','REPRODUÇÃO ANIMAL','50500007'),('50505009','INSPEÇÃO DE PRODUTOS DE ORIGEM ANIMAL','50500007'),('50601008','RECURSOS PESQUEIROS MARINHOS','50600001'),('50602004','RECURSOS PESQUEIROS DE ÁGUAS INTERIORES','50600001'),('50603000','AQÜICULTURA','50600001'),('50604007','ENGENHARIA DE PESCA','50600001'),('50701002','CIÊNCIA DE ALIMENTOS','50700006'),('50702009','TECNOLOGIA DE ALIMENTOS','50700006'),('50703005','ENGENHARIA DE ALIMENTOS','50700006'),('60101008','TEORIA DO DIREITO','60100001'),('60102004','DIREITO PÚBLICO','60100001'),('60103000','DIREITO PRIVADO','60100001'),('60104007','DIREITOS ESPECIAIS','60100001'),('60201002','ADMINISTRAÇÃO DE EMPRESAS','60200006'),('60202009','ADMINISTRAÇÃO PÚBLICA','60200006'),('60203005','ADMINISTRAÇÃO DE SETORES ESPECÍFICOS','60200006'),('60204001','CIÊNCIAS CONTÁBEIS','60200006'),('60301007','TEORIA ECONÔMICA','60300000'),('60302003','MÉTODOS QUANTITATIVOS EM ECONOMIA','60300000'),('60303000','ECONOMIA MONETÁRIA E FISCAL','60300000'),('60304006','CRESCIMENTO, FLUTUAÇÕES E PLANEJAMENTO ECONÔMICO','60300000'),('60305002','ECONOMIA INTERNACIONAL','60300000'),('60306009','ECONOMIA DOS RECURSOS HUMANOS','60300000'),('60307005','ECONOMIA INDUSTRIAL','60300000'),('60308001','ECONOMIA DO BEM-ESTAR SOCIAL','60300000'),('60309008','ECONOMIA REGIONAL E URBANA','60300000'),('60310006','ECONOMIAS AGRÁRIA E DOS RECURSOS NATURAIS','60300000'),('60401001','FUNDAMENTOS DE ARQUITETURA E URBANISMO','60400005'),('60402008','PROJETO DE ARQUITETURA E URBANISMO','60400005'),('60403004','TECNOLOGIA DE ARQUITETURA E URBANISMO','60400005'),('60404000','PAISAGISMO','60400005'),('60501006','FUNDAMENTOS DO PLANEJAMENTO URBANO E REGIONAL','60500000'),('60502002','MÉTODOS E TÉCNICAS DO PLANEJAMENTO URBANO E REGIONAL','60500000'),('60503009','SERVIÇOS URBANOS E REGIONAIS','60500000'),('60601000','DISTRIBUIÇÃO ESPACIAL','60600004'),('60602007','TENDÊNCIA POPULACIONAL','60600004'),('60603003','COMPONENTES DA DINÂMICA DEMOGRÁFICA','60600004'),('60604000','NUPCIALIDADE E FAMÍLIA','60600004'),('60605006','DEMOGRAFIA HISTÓRICA','60600004'),('60606002','POLÍTICA PÚBLICA E POPULAÇÃO','60600004'),('60607009','FONTES DE DADOS DEMOGRÁFICOS','60600004'),('60701005','TEORIA DA INFORMAÇÃO','60700009'),('60702001','BIBLIOTECONOMIA','60700009'),('60703008','ARQUIVOLOGIA','60700009'),('60901004','TEORIA DA COMUNICAÇÃO','60900008'),('60902000','JORNALISMO E EDITORAÇÃO','60900008'),('60903007','RÁDIO E TELEVISÃO','60900008'),('60904003','RELAÇÕES PÚBLICAS E PROPAGANDA','60900008'),('60905000','COMUNICAÇÃO VISUAL','60900008'),('61001007','FUNDAMENTOS DO SERVIÇO SOCIAL','61000000'),('61002003','SERVIÇO SOCIAL APLICADO','61000000'),('61201006','PROGRAMAÇÃO VISUAL','61200000'),('61202002','DESENHO DE PRODUTO','61200000'),('66666666','TESTE SUB','10100008'),('70101000','HISTÓRIA DA FILOSOFIA','70100004'),('70102007','METAFÍSICA','70100004'),('70103003','LÓGICA','70100004'),('70104000','ÉTICA','70100004'),('70105006','EPISTEMOLOGIA','70100004'),('70106002','FILOSOFIA BRASILEIRA','70100004'),('70107009','ESTÉTICA E FILOSOFIA DA ARTE','70100004'),('70201005','FUNDAMENTOS DA SOCIOLOGIA','70200009'),('70202001','SOCIOLOGIA DO CONHECIMENTO','70200009'),('70203008','SOCIOLOGIA DO DESENVOLVIMENTO','70200009'),('70204004','SOCIOLOGIA URBANA','70200009'),('70205000','SOCIOLOGIA RURAL','70200009'),('70206007','SOCIOLOGIA DA SAÚDE','70200009'),('70207003','OUTRAS SOCIOLOGIAS ESPECÍFICAS','70200009'),('70301000','TEORIA ANTROPOLÓGICA','70300003'),('70302006','ETNOLOGIA INDÍGENA','70300003'),('70303002','ANTROPOLOGIA URBANA','70300003'),('70304009','ANTROPOLOGIA RURAL','70300003'),('70305005','ANTROPOLOGIA DAS POPULAÇÕES AFRO-BRASILEIRAS','70300003'),('70401004','TEORIA E MÉTODO EM ARQUEOLOGIA','70400008'),('70402000','ARQUEOLOGIA PRÉ-HISTÓRICA','70400008'),('70403007','ARQUEOLOGIA HISTÓRICA','70400008'),('70501009','TEORIA E FILOSOFIA DA HISTÓRIA','70500002'),('70502005','HISTÓRIA ANTIGA E MEDIEVAL','70500002'),('70503001','HISTÓRIA MODERNA E CONTEMPORÂNEA','70500002'),('70504008','HISTÓRIA DA AMÉRICA','70500002'),('70505004','HISTÓRIA DO BRASIL','70500002'),('70506000','HISTÓRIA DAS CIÊNCIAS','70500002'),('70601003','GEOGRAFIA HUMANA','70600007'),('70602000','GEOGRAFIA REGIONAL','70600007'),('70701008','FUNDAMENTOS E MEDIDAS DA PSICOLOGIA','70700001'),('70702004','PSICOLOGIA EXPERIMENTAL','70700001'),('70703000','PSICOLOGIA FISIOLÓGICA','70700001'),('70704007','PSICOLOGIA COMPARATIVA','70700001'),('70705003','PSICOLOGIA SOCIAL','70700001'),('70706000','PSICOLOGIA COGNITIVA','70700001'),('70707006','PSICOLOGIA DO DESENVOLVIMENTO HUMANO','70700001'),('70708002','PSICOLOGIA DO ENSINO E DA APRENDIZAGEM','70700001'),('70709009','PSICOLOGIA DO TRABALHO E ORGANIZACIONAL','70700001'),('70710007','TRATAMENTO E PREVENÇÃO PSICOLÓGICA','70700001'),('70801002','FUNDAMENTOS DA EDUCAÇÃO','70800006'),('70802009','ADMINISTRAÇÃO EDUCACIONAL','70800006'),('70803005','PLANEJAMENTO E AVALIAÇÃO EDUCACIONAL','70800006'),('70804001','ENSINO-APRENDIZAGEM','70800006'),('70805008','CURRÍCULO','70800006'),('70806004','ORIENTAÇÃO E ACONSELHAMENTO','70800006'),('70807000','TÓPICOS ESPECÍFICOS DE EDUCAÇÃO','70800006'),('70901007','TEORIA POLÍTICA','70900000'),('70902003','ESTADO E GOVERNO','70900000'),('70903000','COMPORTAMENTO POLÍTICO','70900000'),('70904006','POLÍTICAS PÚBLICAS','70900000'),('70905002','POLÍTICA INTERNACIONAL','70900000'),('71001000','HISTÓRIA DAS TEOLOGIAS E RELIGIÕES','71000003'),('71004009','TEOLOGIA PRÁTICA','71000003'),('71005005','TEOLOGIA FUNDAMENTAL SISTEMÁTICA','71000003'),('71006001','CIÊNCIAS DA RELIGIÃO APLICADA','71000003'),('71007008','CIÊNCIAS DA LINGUAGEM RELIGIOSA','71000003'),('71008004','CIÊNCIAS EMPÍRICAS DA RELIGIÃO','71000003'),('71009000','EPISTEMOLOGIA DAS CIÊNCIAS DA RELIGIÃO','71000003'),('71010009','TRADIÇÕES E ESCRITURAS SAGRADAS','71000003'),('80101003','TEORIA E ANÁLISE LINGÜÍSTICA','71000003'),('80102000','FILOSOFIA DA LINGUAGEM','71000003'),('80103006','LINGÜÍSTICA HISTÓRICA','71000003'),('80104002','SOCIOLINGÜÍSTICA E DIALETOLOGIA','71000003'),('80105009','PSICOLINGÜÍSTICA','71000003'),('80106005','LINGÜÍSTICA APLICADA','71000003'),('80201008','LÍNGUA PORTUGUESA','80200001'),('80202004','LÍNGUAS ESTRANGEIRAS MODERNAS','80200001'),('80203000','LÍNGUAS CLÁSSICAS','80200001'),('80204007','LÍNGUAS INDÍGENAS','80200001'),('80205003','TEORIA LITERÁRIA','80200001'),('80206000','LITERATURA BRASILEIRA','80200001'),('80207006','OUTRAS LITERATURAS VERNÁCULAS','80200001'),('80208002','LITERATURAS ESTRANGEIRAS MODERNAS','80200001'),('80209009','LITERATURAS CLÁSSICAS','80200001'),('80210007','LITERATURA COMPARADA','80200001'),('80301002','FUNDAMENTOS E CRÍTICA DAS ARTES','80200001'),('80302009','ARTES PLÁSTICAS','80200001'),('80303005','MÚSICA','80200001'),('80304001','DANÇA','80200001'),('80305008','TEATRO','80200001'),('80306004','ÓPERA','80200001'),('80307000','FOTOGRAFIA','80200001'),('80308007','CINEMA','80200001'),('80309003','ARTES DO VÍDEO','80200001'),('80310001','EDUCAÇÃO ARTÍSTICA','80200001'),('?10101004','ÁLGEBRA','10100008');
/*!40000 ALTER TABLE `tblsub_area_avaliacao` ENABLE KEYS */;
UNLOCK TABLES;

--
-- Table structure for table `tbltecnico`
--

DROP TABLE IF EXISTS `tbltecnico`;
/*!40101 SET @saved_cs_client     = @@character_set_client */;
/*!40101 SET character_set_client = utf8 */;
CREATE TABLE `tbltecnico` (
  `id_tecnico` int(11) NOT NULL AUTO_INCREMENT,
  `nome` varchar(80) NOT NULL,
  `lattes` varchar(100) NOT NULL,
  `atividade` varchar(100) NOT NULL,
  `formacao` varchar(80) NOT NULL,
  `curso` varchar(80) DEFAULT NULL,
  `data_conclusao` date DEFAULT NULL,
  `foto` varchar(80) NOT NULL,
  PRIMARY KEY (`id_tecnico`)
) ENGINE=InnoDB AUTO_INCREMENT=3 DEFAULT CHARSET=latin1;
/*!40101 SET character_set_client = @saved_cs_client */;

--
-- Dumping data for table `tbltecnico`
--
--
-- Table structure for table `tbltipo_usuario`
--

DROP TABLE IF EXISTS `tbltipo_usuario`;
/*!40101 SET @saved_cs_client     = @@character_set_client */;
/*!40101 SET character_set_client = utf8 */;
CREATE TABLE `tbltipo_usuario` (
  `id_tipo` int(11) NOT NULL AUTO_INCREMENT,
  `tipo` varchar(15) NOT NULL,
  PRIMARY KEY (`id_tipo`)
) ENGINE=InnoDB AUTO_INCREMENT=3 DEFAULT CHARSET=latin1;
/*!40101 SET character_set_client = @saved_cs_client */;

--
-- Dumping data for table `tbltipo_usuario`
--

LOCK TABLES `tbltipo_usuario` WRITE;
/*!40000 ALTER TABLE `tbltipo_usuario` DISABLE KEYS */;
INSERT INTO `tbltipo_usuario` VALUES (1,'Administrador'),(2,'Lider');
/*!40000 ALTER TABLE `tbltipo_usuario` ENABLE KEYS */;
UNLOCK TABLES;

--
-- Table structure for table `tblusuario`
--

DROP TABLE IF EXISTS `tblusuario`;
/*!40101 SET @saved_cs_client     = @@character_set_client */;
/*!40101 SET character_set_client = utf8 */;
CREATE TABLE `tblusuario` (
  `login` varchar(15) NOT NULL,
  `nome` varchar(50) NOT NULL,
  `senha` varchar(68) NOT NULL,
  `email` varchar(50) NOT NULL,
  `data_cadastro` date NOT NULL,
  `fk_tipo` int(11) DEFAULT NULL,
  `fk_status` int(11) DEFAULT NULL,
  `lattes` varchar(70) DEFAULT NULL,
  `primeiro_acesso` char(1) DEFAULT NULL,
  `imagem` varchar(120) DEFAULT NULL,
  PRIMARY KEY (`login`),
  KEY `fk_tipo` (`fk_tipo`),
  KEY `fk_status` (`fk_status`),
  CONSTRAINT `tblusuario_ibfk_1` FOREIGN KEY (`fk_tipo`) REFERENCES `tbltipo_usuario` (`id_tipo`),
  CONSTRAINT `tblusuario_ibfk_2` FOREIGN KEY (`fk_status`) REFERENCES `tblstatus_usuario` (`id_status`)
) ENGINE=InnoDB DEFAULT CHARSET=latin1;
/*!40101 SET character_set_client = @saved_cs_client */;

--
-- Dumping data for table `tblusuario`
--

/*!40103 SET TIME_ZONE=@OLD_TIME_ZONE */;

/*!40101 SET SQL_MODE=@OLD_SQL_MODE */;
/*!40014 SET FOREIGN_KEY_CHECKS=@OLD_FOREIGN_KEY_CHECKS */;
/*!40014 SET UNIQUE_CHECKS=@OLD_UNIQUE_CHECKS */;
/*!40101 SET CHARACTER_SET_CLIENT=@OLD_CHARACTER_SET_CLIENT */;
/*!40101 SET CHARACTER_SET_RESULTS=@OLD_CHARACTER_SET_RESULTS */;
/*!40101 SET COLLATION_CONNECTION=@OLD_COLLATION_CONNECTION */;
/*!40111 SET SQL_NOTES=@OLD_SQL_NOTES */;

-- Dump completed on 2018-11-11 23:11:31
